OBJECTID,NAME,FCLASS2014,TOTALANES,length_feet,max_grade_pct,avg_grade_pct,elevation_change_ft,score_emergency,score_graduation_route,score_graduation_parking,score_road_class,score_steepness
1,CAMPBELL AVE,Local Road,2,480.7399913883731,9.88,4.02,19.3,0.0,0.6,0.0,0.25,0.4
2,WESTMOUNT DR,Local Road,2,678.5907566281062,12.98,5.04,34.2,0.0,0.6,0.0,0.25,0.6
3,BROOKFIELD RD,Local Road,2,483.51878991910655,15.72,9.43,45.6,0.0,0.6,0.0,0.25,0.8
4,BROOKFIELD RD,Local Road,2,317.119352180438,18.44,13.27,42.1,0.0,0.6,0.0,0.25,0.8
5,WILLIAMS GLEN RD,Local Road,2,330.6650877277598,12.85,6.5,21.5,0.0,0.6,0.0,0.25,0.6
6,FALLVIEW TER,Local Road,2,663.6952882491343,7.92,1.77,11.8,0.0,0.6,0.0,0.25,0.4
7,OAKWOOD LA,Local Road,2,836.7452056810748,8.43,3.89,32.5,0.0,0.0,0.0,0.25,0.4
8,OAKWOOD LA,Local Road,2,639.3021414836045,10.28,2.55,16.3,0.0,0.6,0.0,0.25,0.6
9,BROOKFIELD RD,Local Road,2,746.7825074652293,13.26,6.21,46.4,0.0,0.6,0.0,0.25,0.6
10,SUNRISE RD,Local Road,2,291.37032382856745,21.21,14.09,41.0,0.0,0.6,0.0,0.25,1.0
11,SUNRISE RD,Local Road,2,302.64782585991645,21.2,11.86,35.9,0.0,0.6,0.0,0.25,1.0
12,PARKER ST,Local Road,2,329.7817606116417,16.9,2.62,8.6,0.0,0.6,1.0,0.25,0.8
13,SCHUYLER PL,Local Road,2,484.1667268448918,19.57,10.29,49.8,0.0,0.6,1.0,0.25,0.8
14,SCHUYLER PL,Local Road,2,329.734633971332,2.81,0.45,1.5,0.0,0.6,1.0,0.25,0.2
15,HIGHLAND PL,Local Road,1,562.5709521373183,20.84,7.59,42.7,0.0,1.0,1.0,0.25,1.0
16,WILLIAMS ST,Local Road,2,334.5467497780335,22.26,15.24,51.0,0.0,1.0,1.0,0.25,1.0
17,WILLIAMS ST,Local Road,2,302.901990366725,24.62,15.18,46.0,0.0,1.0,1.0,0.25,1.0
18,CASCADILLA PL,NA,2,303.9483979407783,15.68,5.3,16.1,0.0,1.0,1.0,0.25,0.8
19,EDGEMOOR LA,Local Road,1,541.9684300072997,18.81,12.59,68.2,0.0,1.0,1.0,0.25,0.8
20,SOUTH AVE,NA,1,697.6883343592518,13.66,8.4,58.6,0.0,1.0,1.0,0.25,0.6
21,Maple Dr -CITY CEMETARY,NA,0,948.5582788197543,14.76,3.56,33.8,0.0,1.0,1.0,0.25,0.6
22,DEWITT PL,Local Road,2,216.8569050288334,11.24,4.38,9.5,0.0,1.0,1.0,0.25,0.6
23,DEWITT PL,Local Road,2,943.4801100287676,17.34,8.39,79.1,0.0,1.0,1.0,0.25,0.8
24,Locust Dr -CITY CEMETARY,NA,0,1075.2360835292404,88.8,0.46,5.0,0.0,1.0,1.0,0.25,1.0
25,CORNELL AVE,Local Road,2,1132.5061082327202,13.78,8.66,98.0,0.0,1.0,1.0,0.25,0.6
26,N WILLARD WAY,Local Road,2,652.4278678695516,8.52,1.79,11.7,0.0,1.0,1.0,0.25,0.4
27,WILLARD LOOP,Local Road,2,257.83488540535643,15.66,8.24,21.2,0.0,1.0,1.0,0.25,0.8
28,WILLARD WAY,Collector,2,464.12244970814305,14.16,9.87,45.8,0.0,1.0,1.0,0.5,0.6
29,WYCKOFF AVE,Local Road,2,95.6784354088887,11.53,8.18,7.8,0.0,1.0,1.0,0.25,0.6
30,SCIENCES DR,NA,0,580.6837469580237,4.74,0.36,2.1,0.0,1.0,1.0,0.25,0.2
31,RESERVOIR AVE,NA,0,261.67745104064693,9.83,2.14,5.6,0.0,1.0,1.0,0.25,0.4
32,GARDEN AVE,NA,0,711.6436318676086,5.8,2.27,16.1,0.0,1.0,1.0,0.25,0.4
33,RESERVOIR AVE,NA,0,500.82822945724126,3.92,1.06,5.3,0.0,1.0,1.0,0.25,0.2
34,PEARSALL PL,Local Road,2,264.08229250523436,4.57,0.06,0.2,0.0,0.6,0.0,0.25,0.2
35,HILLVIEW PL,Collector,2,668.8332251110616,10.13,2.75,18.4,0.0,0.6,0.0,0.5,0.6
36,COLUMBIA ST,Local Road,1,639.168440536116,8.97,2.96,18.9,0.0,0.6,0.0,0.25,0.4
37,PLEASANT ST,Local Road,1,669.2507634202711,10.55,3.82,25.6,0.0,0.6,0.0,0.25,0.6
38,PROSPECT ST,Local Road,1,541.8960955966136,14.68,5.51,29.9,0.0,0.6,1.0,0.25,0.6
39,HUDSON ST,Collector,2,592.9471020868909,11.93,5.71,33.8,0.0,0.6,0.0,0.5,0.6
40,S FULTON ST,Principal Arterial,3,349.09709469722145,0.0,0.0,0.0,1.0,0.6,0.0,0.85,0.2
41,N CAYUGA ST,Minor Arterial,2,316.7165752424736,1.7,0.63,2.0,0.0,0.6,0.0,0.7,0.2
42,S CAYUGA ST,Minor Arterial,2,328.2197641407255,0.82,0.24,0.8,0.0,0.6,0.0,0.7,0.2
43,S AURORA ST,Minor Arterial,2,261.1231368641546,7.69,1.2,3.1,0.0,0.6,0.0,0.7,0.4
44,UNIVERSITY AVE,Minor Arterial,2,663.5477826806214,12.38,7.82,51.9,0.0,0.6,1.0,0.7,0.6
45,UNIVERSITY AVE,Minor Arterial,2,898.7978318250529,11.14,5.96,53.6,0.0,1.0,1.0,0.7,0.6
46,MAPLE AVE,Collector,2,832.416689248474,8.37,4.45,37.0,0.0,1.0,1.0,0.5,0.4
47,OAK AVE,Local Road,2,403.20249847463225,11.88,5.68,22.9,0.0,1.0,1.0,0.25,0.6
48,KITE HILL PARKING LOT,NA,2,991.7181711909479,4.31,0.62,6.1,0.0,1.0,1.0,0.25,0.2
49,CAMPUS RD,NA,2,91.20476123832589,20.57,1.96,1.8,0.0,1.0,1.0,0.25,1.0
50,CAMPUS RD,NA,2,1290.4964794743116,7.06,2.22,28.7,0.0,1.0,1.0,0.25,0.4
51,CAMPUS RD,NA,2,941.0866337174722,9.33,6.06,57.0,0.0,1.0,1.0,0.25,0.4
52,CAMPUS RD,NA,2,483.6398367613814,9.5,5.19,25.1,0.0,1.0,1.0,0.25,0.4
53,TOWER RD,NA,2,311.67928182520654,4.12,0.17,0.5,0.0,1.0,1.0,0.25,0.2
54,AG SCHOOL DRIVEWAY,NA,2,216.6254414739526,7.21,2.57,5.6,0.0,1.0,1.0,0.25,0.4
55,TOWER RD,NA,2,990.8448809432709,3.91,2.44,24.1,0.0,1.0,1.0,0.25,0.2
56,PRESIDENTS DR,NA,0,692.8275822516487,12.7,0.0,0.0,0.0,1.0,1.0,0.25,0.6
57,TOWER RD,NA,2,806.925391583686,7.7,3.61,29.1,0.0,1.0,1.0,0.25,0.4
58,FEENEY WAY,NA,2,1472.8697740098044,6.59,1.23,18.2,0.0,1.0,1.0,0.25,0.4
59,FEENEY WAY,NA,2,875.222382574174,7.76,2.24,19.6,0.0,1.0,1.0,0.25,0.4
60,CENTRAL AVE,NA,0,1232.4761862290568,4.66,0.53,6.5,0.0,1.0,1.0,0.25,0.2
61,HO PLZ,NA,0,403.2374379254853,18.68,1.62,6.5,0.0,1.0,1.0,0.25,0.8
62,MARY ANN WOOD DR,NA,0,744.6317536683057,9.75,1.49,11.1,0.0,1.0,1.0,0.25,0.4
63,CAMPUS RD,NA,2,734.902835091144,10.39,7.86,57.8,0.0,1.0,1.0,0.25,0.6
64,FOREST HOME DR,Collector,2,2143.7714401581625,6.04,0.38,8.1,0.0,1.0,1.0,0.5,0.4
65,HEIGHTS CT,Local Road,2,542.877561381647,19.14,5.29,28.7,0.0,1.0,1.0,0.25,0.8
66,RIDGEWOOD RD,Local Road,2,883.3678503318654,13.15,5.31,46.9,0.0,1.0,1.0,0.25,0.6
67,WYCKOFF AVE,Local Road,2,341.63535835818317,12.83,3.06,10.5,0.0,1.0,1.0,0.25,0.6
68,WYCKOFF AVE,Local Road,2,191.24504491408283,4.6,0.27,0.5,0.0,1.0,1.0,0.25,0.2
69,NEEDHAM PL,Local Road,2,446.9950886922157,21.16,12.82,57.3,0.0,1.0,1.0,0.25,1.0
70,LAKE ST,Minor Arterial,2,638.2555992185336,15.38,0.94,6.0,0.0,0.6,1.0,0.7,0.8
71,LAKE ST,Minor Arterial,2,516.423078334353,2.96,0.61,3.1,0.0,0.6,1.0,0.7,0.2
72,E YORK ST,Local Road,2,524.1400444556226,1.32,0.68,3.6,0.0,0.6,0.0,0.25,0.2
73,W YORK ST,Local Road,2,430.89296235525757,6.01,0.14,0.6,0.0,0.6,0.0,0.25,0.4
74,E FALLS ST,Local Road,2,526.6075753277637,1.14,0.58,3.0,0.0,0.6,0.0,0.25,0.2
75,W FALLS ST,Local Road,2,615.0416267924461,1.22,0.25,1.5,0.0,0.6,0.0,0.25,0.2
76,E LINCOLN ST,Minor Arterial,2,299.2010289773445,1.31,0.96,2.9,0.0,0.6,1.0,0.7,0.2
77,E LINCOLN ST,Minor Arterial,2,467.45079645213497,12.63,5.62,26.3,0.0,0.6,1.0,0.7,0.6
78,E JAY ST,Local Road,2,295.7023851668199,0.5,0.5,1.5,0.0,0.6,0.0,0.25,0.2
79,QUEEN ST,Local Road,2,325.4336541842187,1.4,1.13,3.7,0.0,0.6,1.0,0.25,0.2
80,KING ST,Local Road,2,336.2359450750175,7.98,3.24,10.9,0.0,0.6,1.0,0.25,0.4
81,E LEWIS ST,Local Road,2,295.85489738491367,0.34,0.33,1.0,0.0,0.6,0.0,0.25,0.2
82,E TOMPKINS ST,Collector,2,298.1404510311942,0.0,0.0,0.0,0.0,0.6,0.0,0.5,0.2
83,E TOMPKINS ST,Collector,2,291.6988366636016,0.8,0.5,1.5,0.0,0.6,1.0,0.5,0.2
84,E TOMPKINS ST,Collector,2,323.84489224026174,0.63,0.17,0.5,0.0,0.6,1.0,0.5,0.2
85,E TOMPKINS ST,Local Road,2,330.9031311777205,0.0,0.0,0.0,0.0,0.6,1.0,0.25,0.2
86,E YATES ST,Local Road,2,300.6124020347572,0.16,0.0,0.0,0.0,0.6,0.0,0.25,0.2
87,E YATES ST,Local Road,2,289.0170457164436,0.62,0.19,0.5,0.0,0.6,1.0,0.25,0.2
88,E YATES ST,Local Road,2,322.06210239191387,0.35,0.28,0.9,0.0,0.6,1.0,0.25,0.2
89,E YATES ST,Local Road,2,331.3319495231378,0.57,0.17,0.6,0.0,0.6,1.0,0.25,0.2
90,E MARSHALL ST,Local Road,2,331.6225784087167,0.82,0.15,0.5,0.0,0.6,1.0,0.25,0.2
91,FARM ST,Local Road,2,316.16699695034924,1.01,0.21,0.7,0.0,0.6,1.0,0.25,0.2
92,FARM ST,Local Road,2,331.37433239614325,2.67,1.13,3.7,0.0,0.6,1.0,0.25,0.2
93,CASCADILLA PARK RD,Local Road,2,1235.519927332266,16.25,9.17,113.3,0.0,0.6,1.0,0.25,0.8
94,CASCADILLA AVE,Local Road,1,682.2352184970616,5.72,0.68,4.6,0.0,0.6,0.0,0.25,0.4
95,N TIOGA ST,Collector,2,47.597444333066385,2.7,0.93,0.4,0.0,0.6,0.0,0.5,0.2
96,CASCADILLA AVE,Local Road,1,358.5685721722204,9.89,2.13,7.6,0.0,0.6,1.0,0.25,0.4
97,N CAYUGA ST,Minor Arterial,2,77.12692535409654,11.94,1.53,1.2,0.0,0.6,0.0,0.7,0.6
98,CASCADILLA ST,Collector,2,466.69387619072165,1.66,0.47,2.2,0.0,0.6,0.0,0.5,0.2
99,CASCADILLA ST,Collector,2,731.4212544586284,0.46,0.05,0.3,0.0,0.6,0.0,0.5,0.2
100,W LINCOLN ST,Collector,2,344.874215812093,0.93,0.09,0.3,0.0,0.6,0.0,0.5,0.2
101,N MEADOW ST NB,Principal Arterial,2,322.2716276789373,4.2,0.47,1.5,1.0,0.6,0.0,0.85,0.2
102,WILLOW AVE,Local Road,2,946.0913577455227,1.6,0.18,1.7,0.0,0.6,0.0,0.25,0.2
103,N MEADOW ST SB,Principal Arterial,2,321.40752668849467,4.12,0.69,2.2,1.0,0.6,0.0,0.85,0.2
104,DEY ST,Collector,2,178.7499687716563,13.06,1.12,2.0,0.0,0.6,0.0,0.5,0.6
105,W JAY ST,Local Road,2,335.31427760803,0.65,0.11,0.4,0.0,0.6,0.0,0.25,0.2
106,FRANKLIN ST,Local Road,2,409.422992212347,0.0,0.0,0.0,0.0,0.6,0.0,0.25,0.2
107,ADAMS ST,Local Road,2,200.5636672862576,0.0,0.0,0.0,0.0,0.6,0.0,0.25,0.2
108,ADAMS ST,Local Road,2,322.94550715609074,0.0,0.0,0.0,0.0,0.6,0.0,0.25,0.2
109,ADAMS ST,Local Road,2,330.3902034408241,0.0,0.0,0.0,0.0,0.6,0.0,0.25,0.2
110,FRANKLIN ST,Local Road,2,661.168902421919,0.0,0.0,0.0,0.0,0.6,0.0,0.25,0.2
111,WILLOW AVE,Local Road,2,407.49109265795636,1.11,0.0,0.0,0.0,0.6,0.0,0.25,0.2
112,PIER RD,Local Road,2,652.8797926620022,1.86,0.51,3.4,0.0,0.6,0.0,0.25,0.2
113,N MEADOW ST,Principal Arterial,4,227.44879775495968,0.0,0.0,0.0,1.0,0.6,0.0,0.85,0.2
114,THIRD ST,Local Road,2,371.9177135504266,1.09,0.29,1.1,0.0,0.6,0.0,0.25,0.2
115,WILLOW AVE,Local Road,2,366.91613724094736,0.0,0.0,0.0,0.0,0.6,0.0,0.25,0.2
116,WILLOW AVE,Local Road,2,390.81779964756214,0.0,0.0,0.0,0.0,0.6,0.0,0.25,0.2
117,WILLOW AVE,Local Road,2,391.14198826886707,4.64,0.5,2.0,0.0,0.6,0.0,0.25,0.2
118,WILLOW AVE,Local Road,2,397.7599262302865,6.23,0.24,1.0,0.0,0.6,0.0,0.25,0.4
119,WILLOW AVE,Local Road,2,386.3307353438993,8.03,0.77,3.0,0.0,0.6,0.0,0.25,0.4
120,HANCOCK ST,Collector,2,80.99332808739521,8.1,0.34,0.3,0.0,0.6,0.0,0.5,0.4
121,HANCOCK ST,Collector,2,307.1197007036706,2.06,0.64,2.0,0.0,0.6,0.0,0.5,0.2
122,MADISON ST,Local Road,2,331.8068915855548,0.52,0.24,0.8,0.0,0.6,0.0,0.25,0.2
123,W TOMPKINS ST,Collector,2,342.4098411414026,0.0,0.0,0.0,0.0,0.6,0.0,0.5,0.2
124,HANCOCK ST,Collector,2,331.6537528103107,0.0,0.0,0.0,0.0,0.6,0.0,0.5,0.2
125,N MEADOW ST,Principal Arterial,3,342.7677690517972,0.0,0.0,0.0,1.0,0.6,0.0,0.85,0.2
126,SECOND ST,Local Road,2,391.413970962027,0.0,0.0,0.0,0.0,0.6,0.0,0.25,0.2
127,SECOND ST,Local Road,2,384.3924240009221,1.18,0.7,2.7,0.0,0.6,0.0,0.25,0.2
128,FOURTH ST,Local Road,2,251.58711208532134,1.1,0.61,1.5,0.0,0.6,0.0,0.25,0.2
129,MORRIS AVE,Local Road,2,328.7975000255643,0.0,0.0,0.0,0.0,0.6,0.0,0.25,0.2
130,MONROE ST,Local Road,2,333.2160302323511,0.61,0.06,0.2,0.0,0.6,0.0,0.25,0.2
131,FOURTH ST,Local Road,2,384.1141596220342,0.0,0.0,0.0,0.0,0.6,0.0,0.25,0.2
132,FIRST ST,Local Road,2,406.8455295054217,2.1,0.74,3.0,0.0,0.6,0.0,0.25,0.2
133,LAKE AVE,Local Road,2,393.8114113192217,5.73,0.13,0.5,0.0,0.6,0.0,0.25,0.4
134,W YATES ST,Local Road,2,323.81288582144083,0.0,0.0,0.0,0.0,0.6,0.0,0.25,0.2
135,WASHINGTON ST,Local Road,2,404.38093941846216,0.0,0.0,0.0,0.0,0.6,0.0,0.25,0.2
136,PARK PL,Local Road,2,397.23176897263255,0.58,0.28,1.1,0.0,0.6,0.0,0.25,0.2
137,N PLAIN ST,Collector,2,398.9787634306404,0.57,0.43,1.7,0.0,0.6,0.0,0.5,0.2
138,N ALBANY ST,Collector,2,398.7414134796277,1.02,0.46,1.9,0.0,0.6,0.0,0.5,0.2
139,ESTY ST,Local Road,2,596.3109024534571,1.52,0.53,3.2,0.0,0.6,0.0,0.25,0.2
140,ESTY ST,Local Road,2,465.8494922271987,0.2,0.02,0.1,0.0,0.6,0.0,0.25,0.2
141,ESTY ST,Local Road,2,592.2117617645133,0.2,0.2,1.2,0.0,0.6,0.0,0.25,0.2
142,WASHINGTON ST,Local Road,2,328.32086547658935,0.0,0.0,0.0,0.0,0.6,0.0,0.25,0.2
143,WASHINGTON ST,Local Road,2,468.49094093716326,0.93,0.34,1.6,0.0,0.6,0.0,0.25,0.2
144,N PLAIN ST,Minor Arterial,2,469.3609434850609,1.43,0.35,1.6,0.0,0.6,0.0,0.7,0.2
145,N ALBANY ST,Minor Arterial,2,467.65662349797196,2.37,0.51,2.4,0.0,0.6,0.0,0.7,0.2
146,N ALBANY ST,Minor Arterial,2,333.10301027892126,0.95,0.24,0.8,0.0,0.6,0.0,0.7,0.2
147,N ALBANY ST,Minor Arterial,2,313.4376837535172,0.0,0.0,0.0,0.0,0.6,0.0,0.7,0.2
148,N CORN ST,Local Road,2,333.3277512038045,0.89,0.47,1.6,0.0,0.6,0.0,0.25,0.2
149,W BUFFALO ST,Minor Arterial,2,266.0929178727848,1.3,0.8,2.1,0.0,0.6,0.0,0.7,0.2
150,S CORN ST,Local Road,2,333.1108853106959,0.58,0.03,0.1,0.0,0.6,0.0,0.25,0.2
151,S PLAIN ST,Minor Arterial,2,331.2936175163695,0.77,0.0,0.0,0.0,0.6,0.0,0.7,0.2
152,S ALBANY ST,Minor Arterial,2,331.50507682737043,0.71,0.04,0.1,0.0,0.6,0.0,0.7,0.2
153,S GENEVA ST,Local Road,2,640.0249971206002,1.52,0.37,2.4,0.0,0.6,0.0,0.25,0.2
154,S ALBANY ST,Minor Arterial,2,639.9467696848512,1.9,0.34,2.1,0.0,0.6,0.0,0.7,0.2
155,FAYETTE ST,Local Road,2,639.66161150264,2.02,0.38,2.5,0.0,0.6,0.0,0.25,0.2
156,CLEVELAND AVE,Local Road,2,597.9306852979846,1.1,0.67,4.0,0.0,0.6,0.0,0.25,0.2
157,S CORN ST,Local Road,2,329.81507864392677,0.83,0.33,1.1,0.0,0.6,0.0,0.25,0.2
158,S CORN ST,Local Road,2,310.16193577564786,1.12,0.64,2.0,0.0,0.6,0.0,0.25,0.2
159,S ALBANY ST,Minor Arterial,2,439.7787335518815,1.47,0.84,3.7,0.0,0.6,0.0,0.7,0.2
160,S GENEVA ST,Local Road,2,692.8664212677711,2.57,0.62,4.3,0.0,0.6,0.0,0.25,0.2
161,N TITUS AVE,Local Road,2,461.06828785468684,1.18,0.22,1.0,0.0,0.6,0.0,0.25,0.2
162,N TITUS AVE,Local Road,2,945.2646945293258,1.38,0.31,3.0,0.0,0.6,0.0,0.25,0.2
163,CENTER ST,Local Road,2,794.1275406055759,0.89,0.21,1.7,0.0,0.6,0.0,0.25,0.2
164,CENTER ST,Local Road,2,333.37659694174073,0.74,0.41,1.4,0.0,0.6,0.0,0.25,0.2
165,S PLAIN ST,Minor Arterial,0,123.62169417285709,5.22,1.61,2.0,0.0,0.6,0.0,0.7,0.4
166,S PLAIN ST,Minor Arterial,2,468.59917934310323,0.44,0.29,1.4,0.0,0.6,0.0,0.7,0.2
167,S ALBANY ST,Minor Arterial,2,390.569636563833,1.85,0.2,0.8,0.0,0.6,0.0,0.7,0.2
168,N TITUS AVE,Local Road,2,496.9517876874279,11.12,0.55,2.8,0.0,0.6,0.0,0.25,0.6
169,S ALBANY ST,Minor Arterial,2,97.79442749938345,23.99,1.14,1.1,0.0,0.6,0.0,0.7,1.0
170,N TITUS AVE,Local Road,2,292.2807008167155,2.84,0.69,2.0,0.0,0.6,0.0,0.25,0.2
171,N TITUS AVE,Local Road,2,608.4832807919737,2.47,0.34,2.1,0.0,0.6,0.0,0.25,0.2
172,S CAYUGA ST,Minor Arterial,2,638.3040831895751,3.36,0.5,3.2,0.0,0.6,0.0,0.7,0.2
173,S CAYUGA ST,Collector,2,493.96895819178536,12.48,1.06,5.2,0.0,0.6,0.0,0.5,0.6
174,S TITUS AVE,Local Road,2,604.8388971286867,4.1,0.61,3.7,0.0,0.6,0.0,0.25,0.2
175,S TITUS AVE,Local Road,2,282.1864406148572,13.96,0.41,1.1,0.0,0.6,0.0,0.25,0.6
176,S TITUS AVE,Local Road,2,839.3498261428524,1.09,0.06,0.5,0.0,0.6,0.0,0.25,0.2
177,SOUTH ST,Local Road,2,608.8757369954128,0.0,0.0,0.0,0.0,0.6,0.0,0.25,0.2
178,S TITUS AVE,Local Road,2,593.0090332859851,1.04,0.34,2.0,0.0,0.6,0.0,0.25,0.2
179,S TITUS AVE,Local Road,2,505.67837755074595,12.51,2.83,14.3,0.0,0.6,0.0,0.25,0.6
180,PLEASANT ST,Local Road,2,551.8803397007537,23.31,14.76,81.5,0.0,0.6,0.0,0.25,1.0
181,HILLVIEW PL,Local Road,2,563.336330842939,14.95,10.3,58.0,0.0,0.6,0.0,0.25,0.6
182,SOUTH HILL TER,Local Road,1,652.8285789309319,9.71,0.24,1.6,0.0,0.6,0.0,0.25,0.4
183,TURNER PL,Local Road,2,426.54622906005034,15.23,8.75,37.3,0.0,0.6,0.0,0.25,0.8
184,TURNER PL,Local Road,2,347.9758821530179,18.96,13.34,46.4,0.0,0.6,0.0,0.25,0.8
185,TURNER PL,Local Road,2,435.15309554716964,14.82,11.69,50.9,0.0,0.6,0.0,0.25,0.6
186,S GENEVA ST,Local Road,2,614.8312945810802,5.02,0.12,0.7,0.0,0.6,0.0,0.25,0.4
187,E SPENCER ST,Local Road,1,846.1213818860871,10.31,3.83,32.4,0.0,0.6,0.0,0.25,0.6
188,HILLVIEW PL,Local Road,2,225.82711959164763,30.38,15.12,34.2,0.0,0.6,0.0,0.25,1.0
189,GRANDVIEW CT,Local Road,2,472.2998042737329,8.41,0.97,4.6,0.0,0.6,0.0,0.25,0.4
190,GRANDVIEW AVE,Local Road,2,601.2343012780522,8.62,3.74,22.5,0.0,0.6,0.0,0.25,0.4
191,HUDSON PL,Local Road,2,1162.1060275835323,9.34,3.85,44.7,0.0,0.6,0.0,0.25,0.4
192,CODDINGTON RD,Local Road,2,1585.8323314271443,3.33,1.09,17.4,0.0,0.6,0.0,0.25,0.2
193,STONE QUARRY RD,Collector,2,989.6835965070604,24.65,9.91,98.1,0.0,0.6,0.0,0.5,1.0
194,ELMIRA RD,Minor Arterial,2,92.62449551764388,0.0,0.0,0.0,0.0,0.6,0.0,0.7,0.2
195,S MEADOW ST,Local Road,2,705.7973542607253,5.12,1.3,9.2,0.0,0.6,0.0,0.25,0.4
196,ELMIRA RD,Principal Arterial,5,2303.273944608553,2.76,0.75,17.3,1.0,0.6,0.0,0.85,0.2
197,COMMERCIAL AVE,Local Road,2,892.5718771536126,1.27,0.14,1.2,0.0,0.6,0.0,0.25,0.2
198,ELMIRA RD,Minor Arterial,2,1446.588614484539,0.0,0.0,0.0,0.0,0.6,0.0,0.7,0.2
199,HYERS ST,Local Road,2,594.1201492056234,1.39,0.48,2.8,0.0,0.6,0.0,0.25,0.2
200,WOOD ST,Local Road,2,594.2868410302846,1.64,0.67,4.0,0.0,0.6,0.0,0.25,0.2
201,WOOD ST,Local Road,2,593.1028670878527,0.0,0.0,0.0,0.0,0.6,0.0,0.25,0.2
202,WOOD ST,Local Road,2,610.2039543318701,0.0,0.0,0.0,0.0,0.6,0.0,0.25,0.2
203,PARK ST,Local Road,2,512.6696054550894,6.48,1.14,5.9,0.0,0.6,0.0,0.25,0.4
204,WOOD ST,Local Road,2,220.98171394193162,2.5,1.63,3.6,0.0,0.6,0.0,0.25,0.2
205,FAIR ST,Local Road,2,404.38970358858774,0.0,0.0,0.0,0.0,0.6,0.0,0.25,0.2
206,CHERRY ST,Local Road,2,1216.3356353383613,1.34,0.16,2.0,0.0,0.6,0.0,0.25,0.2
207,CHERRY ST,Local Road,2,939.9558345540755,1.7,0.2,1.9,0.0,0.6,0.0,0.25,0.2
208,TABER ST,Local Road,2,526.4376929744993,2.94,0.36,1.9,0.0,0.6,0.0,0.25,0.2
209,BRINDLEY ST,Local Road,2,217.07427368776922,4.99,0.65,1.4,0.0,0.6,0.0,0.25,0.2
210,W STATE ST/ M. L. K. JR ST,Minor Arterial,4,423.38756807981935,3.22,0.17,0.7,0.0,0.6,0.0,0.7,0.2
211,TAUGHANNOCK BLVD,Collector,3,671.4846854147559,2.21,0.21,1.4,0.0,0.6,0.0,0.5,0.2
212,TAUGHANNOCK BLVD,Collector,2,440.95076071459863,20.9,0.59,2.6,0.0,0.6,0.0,0.5,1.0
213,TAUGHANNOCK BLVD,Collector,2,226.3391180439565,16.81,1.39,3.2,0.0,0.6,0.0,0.5,0.8
214,TAUGHANNOCK BLVD,Local Road,2,1096.7322639617623,3.46,0.26,2.8,0.0,0.6,0.0,0.25,0.2
215,ELM ST,Local Road,2,1076.6867785764832,11.5,6.47,69.7,0.0,0.6,0.0,0.25,0.6
216,ELM ST,Local Road,2,1066.1167275859284,12.73,6.81,72.6,0.0,0.6,0.0,0.25,0.6
217,HALLER BLVD,Local Road,2,1165.0175433145046,10.06,6.46,75.3,0.0,0.0,0.0,0.25,0.6
218,HOOK PL,Local Road,2,613.1808702822897,12.34,8.31,50.9,0.0,0.0,0.0,0.25,0.6
219,HOOK PL,Local Road,2,863.9283746193246,15.08,9.22,79.7,0.0,0.6,0.0,0.25,0.8
220,CHESTNUT ST,Local Road,2,385.49560441851503,8.51,3.14,12.1,0.0,0.6,0.0,0.25,0.4
221,UNNAMED ROAD,Local Road,1,164.23322295250972,13.83,9.74,16.0,0.0,0.6,0.0,0.25,0.6
222,CHESTNUT ST,Local Road,2,661.8657540324403,10.4,0.48,3.2,0.0,0.6,0.0,0.25,0.6
223,SUNRISE RD,Local Road,2,692.6915045846044,20.28,9.84,68.2,0.0,0.6,0.0,0.25,1.0
224,TAYLOR PL,Local Road,2,343.31955547150744,7.92,2.96,10.2,0.0,0.6,0.0,0.25,0.4
225,TAYLOR PL,Local Road,2,581.6868227149419,7.33,3.96,23.0,0.0,0.6,0.0,0.25,0.4
226,WESTFIELD DR,Local Road,2,247.93325420933803,5.15,1.27,3.1,0.0,0.6,0.0,0.25,0.4
227,TAYLOR PL,Local Road,2,333.3198643304832,8.46,3.99,13.3,0.0,0.6,0.0,0.25,0.4
228,HOPPER PL,Local Road,2,540.4403186778782,17.73,11.26,60.9,0.0,0.6,0.0,0.25,0.8
229,WARREN PL,Local Road,2,858.7874355977676,6.17,3.63,31.2,0.0,0.6,0.0,0.25,0.4
230,WARREN PL,Local Road,2,727.0505240793955,9.24,5.56,40.4,0.0,0.6,0.0,0.25,0.4
231,RICHARD PL,Local Road,2,354.4124709575664,9.82,3.69,13.1,0.0,0.0,0.0,0.25,0.4
232,RICHARD PL,Local Road,2,876.8544954712236,9.68,5.31,46.6,0.0,0.0,0.0,0.25,0.4
233,CLIFF PARK RD,Local Road,2,1131.153187799284,11.82,8.11,91.7,0.0,0.6,0.0,0.25,0.6
234,RICHARD PL,Local Road,2,500.6180285640497,5.18,0.53,2.6,0.0,0.0,0.0,0.25,0.4
235,WARREN PL,Local Road,2,748.9367601173828,8.43,5.05,37.9,0.0,0.6,0.0,0.25,0.4
236,WARREN PL,Local Road,2,436.72708978085484,9.27,3.32,14.5,0.0,0.0,0.0,0.25,0.4
237,WARREN PL,Local Road,2,759.3899066064965,8.18,3.56,27.0,0.0,0.0,0.0,0.25,0.4
238,WESTWOOD KNOLL,Local Road,2,1070.156759961976,13.47,4.25,45.4,0.0,0.6,0.0,0.25,0.6
239,N TAYLOR PL,Local Road,2,419.3527919300736,7.65,0.45,1.9,0.0,0.6,0.0,0.25,0.4
240,GARDEN AVE,NA,2,852.9606552499788,5.83,1.0,8.5,0.0,1.0,1.0,0.25,0.4
241,SAGE AVE,NA,2,487.5829813066616,7.67,2.67,13.0,0.0,1.0,1.0,0.25,0.4
242,HOLLISTER DR,NA,0,377.5086831484566,13.24,4.74,17.9,0.0,1.0,1.0,0.25,0.6
243,COLLEGE AVE,Local Road,2,211.6794828420934,67.34,4.19,8.9,0.0,1.0,1.0,0.25,1.0
244,COLLEGE AVE,NA,2,664.6823291744636,10.69,4.01,26.7,0.0,1.0,1.0,0.25,0.6
245,SAGE PL,NA,0,305.29396240473864,12.73,7.05,21.5,0.0,0.6,1.0,0.25,0.6
246,SAGE PL,NA,2,185.46848595379686,8.8,5.29,9.8,0.0,0.6,1.0,0.25,0.4
247,N QUARRY ST,Local Road,2,738.5448111230421,11.49,7.27,53.7,0.0,1.0,1.0,0.25,0.6
248,COOK ST,Local Road,2,392.8589477414929,16.43,10.07,39.6,0.0,1.0,1.0,0.25,0.8
249,BLAIR ST,Local Road,2,784.3255860335227,7.77,4.99,39.1,0.0,1.0,1.0,0.25,0.4
250,BOOL ST,Local Road,2,266.94002456519075,15.41,7.48,20.0,0.0,1.0,1.0,0.25,0.8
251,CATHERINE ST,Local Road,2,599.559736365077,18.57,12.33,73.9,0.0,1.0,1.0,0.25,0.8
252,DELAWARE AVE,Local Road,2,571.8664528833843,9.98,6.0,34.3,0.0,1.0,1.0,0.25,0.4
253,OXFORD PL,Local Road,2,437.8545648187375,14.02,6.9,30.2,0.0,1.0,1.0,0.25,0.6
254,IRVING PL,Local Road,2,579.52400276797,12.67,6.91,40.1,0.0,1.0,1.0,0.25,0.6
255,BRYANT AVE,Local Road,2,1121.865848271797,5.79,1.06,11.9,0.0,1.0,1.0,0.25,0.4
256,HARVARD PL,Local Road,2,411.0275075605698,11.08,5.12,21.0,0.0,1.0,1.0,0.25,0.6
257,LINDEN AVE,Local Road,1,838.6447634785525,10.0,5.34,44.8,0.0,1.0,1.0,0.25,0.6
258,BRYANT AVE,Local Road,2,342.2729728953848,10.19,1.26,4.3,0.0,1.0,1.0,0.25,0.6
259,SISSON PL,NA,2,644.8908221441736,6.65,3.6,23.2,0.0,1.0,1.0,0.25,0.4
260,TRIPHAMMER RD,Minor Arterial,2,443.7387738893445,7.01,2.1,9.3,0.0,1.0,1.0,0.7,0.4
261,TRIPHAMMER RD,Minor Arterial,2,303.67411442323015,7.87,3.34,10.2,0.0,1.0,1.0,0.7,0.4
262,DEARBORN PL,Local Road,1,453.5405302554905,10.2,3.6,16.3,0.0,1.0,1.0,0.25,0.6
263,BROOK LA,Local Road,2,109.89798304220189,16.03,8.93,9.8,0.0,1.0,1.0,0.25,0.8
264,KELVIN PL,Local Road,2,537.1733830537322,7.84,1.72,9.2,0.0,1.0,1.0,0.25,0.4
265,WAIT AVE,Local Road,2,412.144331088602,4.88,3.75,15.4,0.0,1.0,1.0,0.25,0.2
266,WAIT AVE,Local Road,2,226.64374868002818,6.11,2.68,6.1,0.0,1.0,1.0,0.25,0.4
267,DICKSON LOADING DOCK,NA,0,439.1411886658292,5.25,1.0,4.4,0.0,1.0,1.0,0.25,0.4
268,WAIT AVE,Minor Arterial,2,620.7245236920669,11.12,3.52,21.9,0.0,1.0,1.0,0.7,0.6
269,THURSTON AVE,Local Road,2,766.6254739757287,6.32,1.32,10.1,0.0,1.0,1.0,0.25,0.4
270,NORTHCROSS RD,NA,2,358.32380424165274,6.56,3.57,12.8,0.0,1.0,1.0,0.25,0.4
271,RPCC LOADING DOCK,NA,2,368.0208367764988,6.04,2.6,9.6,0.0,1.0,1.0,0.25,0.4
272,DONLON HALL LOOP,NA,0,360.7444840547857,5.6,2.52,9.1,0.0,1.0,1.0,0.25,0.4
273,PROGRAM HOUSE DR,NA,0,258.36272068478644,7.72,3.23,8.3,0.0,1.0,1.0,0.25,0.4
274,THURSTON AVE,Minor Arterial,2,292.3979781999107,304.3,3.63,10.6,0.0,1.0,1.0,0.7,1.0
275,CRADIT FARM DR,NA,2,1705.1974839311547,10.2,5.24,89.3,0.0,1.0,1.0,0.25,0.6
276,FALL CREEK DR,Local Road,2,1033.5806276428573,14.76,4.54,46.9,0.0,1.0,1.0,0.25,0.6
277,ROBERTS PL,Local Road,2,637.4824325562427,10.44,4.85,30.9,0.0,1.0,1.0,0.25,0.6
278,THURSTON AVE,Local Road,2,808.2244830647448,16.25,9.49,76.7,0.0,1.0,1.0,0.25,0.8
279,THE KNOLL,Local Road,2,450.01354898092643,20.33,2.11,9.5,0.0,1.0,1.0,0.25,1.0
280,HIGHLAND AVE,Local Road,2,579.7724621694096,14.83,2.54,14.7,0.0,1.0,1.0,0.25,0.6
281,HIGHLAND AVE,Local Road,2,358.192670223494,13.25,5.13,18.4,0.0,1.0,1.0,0.25,0.6
282,STEWART AVE,Collector,2,883.3392013335499,10.17,3.06,27.0,0.0,1.0,1.0,0.5,0.6
283,BARTON PL,Local Road,2,364.5851577418775,11.37,0.59,2.1,0.0,1.0,1.0,0.25,0.6
284,UNIVERSITY AVE,Minor Arterial,2,429.6703298417961,12.23,6.07,26.1,0.0,1.0,1.0,0.7,0.6
285,UNIVERSITY AVE,Minor Arterial,2,1062.3823179728104,7.01,1.61,17.1,0.0,1.0,1.0,0.7,0.4
286,MCGRAW PL,NA,2,960.0253049108352,13.31,1.54,14.7,0.0,1.0,1.0,0.25,0.6
287,CHI PSI DRIVEWAY,NA,2,450.25569577470105,9.1,1.75,7.9,0.0,1.0,1.0,0.25,0.4
288,WEST AVE,NA,2,1220.1897071034023,6.98,0.79,9.6,0.0,1.0,1.0,0.25,0.4
289,UNIVERSITY AVE,Minor Arterial,2,424.10788313485165,16.73,12.28,52.1,0.0,1.0,1.0,0.7,0.8
290,UNIVERSITY AVE,Minor Arterial,2,740.7066406253792,10.96,9.77,72.3,0.0,1.0,1.0,0.7,0.6
291,WEST AVE WB LANE,NA,2,166.5428591377747,12.81,5.22,8.7,0.0,1.0,1.0,0.25,0.6
292,UNIVERSITY AVE,Minor Arterial,2,504.92881154752223,15.76,12.0,60.6,0.0,1.0,1.0,0.7,0.8
293,LAKE ST,Minor Arterial,2,514.5948075830863,20.96,14.51,74.6,0.0,0.6,1.0,0.7,1.0
294,STEWART AVE,Collector,2,1125.2213742927995,5.34,1.81,20.4,0.0,1.0,1.0,0.5,0.4
295,UNIVERSITY AVE,Minor Arterial,2,934.9461237709498,14.08,6.19,57.9,0.0,1.0,1.0,0.7,0.6
296,N CAYUGA ST,Minor Arterial,2,272.1551736905114,17.79,1.19,3.2,0.0,0.6,0.0,0.7,0.8
297,N CAYUGA ST,Minor Arterial,2,150.3947521100201,48.71,0.44,0.7,0.0,0.6,0.0,0.7,1.0
298,N CAYUGA ST,Minor Arterial,2,265.8862740956705,0.72,0.45,1.2,0.0,0.6,0.0,0.7,0.2
299,N TIOGA ST,Local Road,2,263.60330395866083,0.74,0.42,1.1,0.0,0.6,0.0,0.25,0.2
300,N TIOGA ST,Local Road,2,267.5462870607653,0.77,0.04,0.1,0.0,0.6,1.0,0.25,0.2
301,N TIOGA ST,Collector,2,264.4744660834039,1.07,0.41,1.1,0.0,0.6,1.0,0.5,0.2
302,N AURORA ST,Local Road,2,262.59175422360204,0.61,0.0,0.0,0.0,0.6,1.0,0.25,0.2
303,N AURORA ST,Minor Arterial,2,263.67973133896146,1.33,0.16,0.4,0.0,0.6,1.0,0.7,0.2
304,E STATE ST / M.L.K. JR ST,Minor Arterial,2,858.0917741989779,10.45,4.66,40.0,0.0,0.6,1.0,0.7,0.6
305,WOODCREST AVE,Local Road,2,361.7083678149761,15.03,9.33,33.7,0.0,0.6,1.0,0.25,0.8
306,W SENECA ST,Local Road,2,441.9872547437172,2.37,0.12,0.6,0.0,0.6,0.0,0.25,0.2
307,CECIL A MALONE DR,Local Road,2,862.1639881564549,0.0,0.0,0.0,0.0,0.6,0.0,0.25,0.2
308,CECIL A MALONE DR,Local Road,2,52.5443073694008,0.0,0.0,0.0,0.0,0.6,0.0,0.25,0.2
309,CECIL A MALONE DR,Local Road,2,893.760930671072,0.0,0.0,0.0,0.0,0.6,0.0,0.25,0.2
310,LINN ST,Local Road,2,206.77418657192652,8.07,3.0,6.2,0.0,0.6,1.0,0.25,0.4
311,N AURORA ST,Minor Arterial,2,400.0769869915506,4.69,1.42,5.7,0.0,0.6,1.0,0.7,0.2
312,N AURORA ST,Minor Arterial,2,666.9664734925235,0.0,0.0,0.0,0.0,0.6,1.0,0.7,0.2
313,N TIOGA ST,Collector,2,222.8755116940963,0.53,0.15,0.3,0.0,0.6,1.0,0.5,0.2
314,N TIOGA ST,Collector,2,163.09983660430294,1.74,0.99,1.6,0.0,0.6,1.0,0.5,0.2
315,N TIOGA ST,Collector,2,251.9576320723802,0.66,0.03,0.1,0.0,0.6,1.0,0.5,0.2
316,HECTOR ST,Minor Arterial,2,960.1150407443004,10.73,6.78,65.1,0.0,0.6,0.0,0.7,0.6
317,CLIFF ST,Minor Arterial,2,1974.9131730263343,10.89,3.24,63.9,0.0,0.6,0.0,0.7,0.6
318,HECTOR ST,Minor Arterial,2,1026.9089827877451,15.2,8.98,92.2,0.0,0.6,0.0,0.7,0.8
319,HECTOR ST,Minor Arterial,2,1651.2026984374836,8.08,4.2,69.3,0.0,0.6,0.0,0.7,0.4
320,N MEADOW ST,Principal Arterial,3,396.98094540678574,0.17,0.03,0.1,1.0,0.6,0.0,0.85,0.2
321,N MEADOW ST,Principal Arterial,3,469.5680440225256,0.17,0.13,0.6,1.0,0.6,0.0,0.85,0.2
322,N FULTON ST,Principal Arterial,3,475.90805990364794,2.28,0.32,1.5,1.0,0.6,0.0,0.85,0.2
323,N FULTON ST,Principal Arterial,3,331.67028305821344,0.17,0.08,0.3,1.0,0.6,0.0,0.85,0.2
324,N FULTON ST,Principal Arterial,3,462.81603895425576,0.26,0.24,1.1,1.0,0.6,0.0,0.85,0.2
325,N FULTON ST,Principal Arterial,3,761.7339643404937,0.26,0.03,0.2,1.0,0.6,0.0,0.85,0.2
326,W CLINTON ST WB LANE,Local Road,3,104.92942746420411,3.45,1.21,1.3,0.0,0.6,0.0,0.25,0.2
327,S MEADOW ST,Principal Arterial,4,331.3861012374605,1.79,0.42,1.4,1.0,0.6,0.0,0.85,0.2
328,N FULTON ST,Principal Arterial,3,327.98174267694924,0.0,0.0,0.0,1.0,0.6,0.0,0.85,0.2
329,N FULTON ST,Principal Arterial,3,312.98494272368805,0.0,0.0,0.0,1.0,0.6,0.0,0.85,0.2
330,S FULTON ST,Principal Arterial,2,763.7480334946308,0.0,0.0,0.0,1.0,0.6,0.0,0.85,0.2
331,E STATE ST / M.L.K. JR ST,Minor Arterial,3,434.9231198994812,13.3,6.41,27.9,0.0,0.6,1.0,0.7,0.6
332,E STATE ST / M.L.K. JR ST,Minor Arterial,2,402.3876793052823,12.51,8.57,34.5,0.0,0.6,1.0,0.7,0.6
333,E STATE ST / M.L.K. JR ST,Minor Arterial,2,386.4932655623856,14.06,7.27,28.1,0.0,0.6,1.0,0.7,0.6
334,E STATE ST / M.L.K. JR ST,Minor Arterial,2,654.538336048177,17.83,9.47,62.0,0.0,0.6,1.0,0.7,0.8
335,E STATE ST / M.L.K. JR ST,Minor Arterial,2,482.2458577556644,13.14,8.33,40.1,0.0,0.6,1.0,0.7,0.6
336,E SENECA ST,Local Road,1,548.4315477532709,18.89,12.89,70.7,0.0,0.6,1.0,0.25,0.8
337,E SENECA ST,Local Road,1,651.1183300373631,13.77,6.74,43.9,0.0,0.6,1.0,0.25,0.6
338,E SENECA ST,Local Road,1,318.96547677066775,16.02,12.81,40.9,0.0,1.0,1.0,0.25,0.8
339,E SENECA ST,Local Road,1,326.1016448509245,14.91,8.02,26.2,0.0,0.6,1.0,0.25,0.6
340,E SENECA ST,Minor Arterial,2,593.4754671418569,1.64,0.77,4.6,0.0,0.6,0.0,0.7,0.2
341,E STATE ST / M.L.K. JR ST,Minor Arterial,2,380.7821479653514,4.99,0.56,2.1,0.0,0.6,1.0,0.7,0.2
342,W SENECA ST,Minor Arterial,2,468.75982130533265,1.7,0.67,3.2,0.0,0.6,0.0,0.7,0.2
343,E GREEN ST,Minor Arterial,3,601.1330502480434,1.37,0.8,4.8,0.0,0.6,0.0,0.7,0.2
344,W GREEN ST,Minor Arterial,2,463.4184751975775,1.98,0.97,4.5,0.0,0.6,0.0,0.7,0.2
345,W SENECA ST,Minor Arterial,2,595.2569310917888,0.0,0.0,0.0,0.0,0.6,0.0,0.7,0.2
346,W GREEN ST,Minor Arterial,2,475.5617810209685,0.28,0.02,0.1,0.0,0.6,0.0,0.7,0.2
347,W STATE ST/ M. L. K. JR ST,Minor Arterial,3,584.9562333439002,0.51,0.26,1.5,0.0,0.6,0.0,0.7,0.2
348,DRYDEN RD,Minor Arterial,2,682.9792627341877,12.01,7.32,50.0,0.0,1.0,1.0,0.7,0.6
349,DRYDEN RD,Minor Arterial,2,875.7581153513502,11.03,2.26,19.8,0.0,1.0,1.0,0.7,0.6
350,HOY RD,NA,2,2030.913865957392,16.68,0.01,0.2,0.0,1.0,1.0,0.25,0.8
351,DRYDEN RD,Minor Arterial,2,417.5762632598421,8.25,1.54,6.4,0.0,1.0,1.0,0.7,0.4
352,MITCHELL ST,Minor Arterial,2,387.7631502829395,12.66,6.93,26.9,0.0,1.0,1.0,0.7,0.6
353,MITCHELL ST,Collector,2,841.2909198387588,14.44,7.19,60.5,0.0,1.0,1.0,0.5,0.6
354,ITHACA RD,Minor Arterial,2,743.7343081075602,9.17,6.43,47.8,0.0,1.0,1.0,0.7,0.4
355,IRVING PL,Local Road,2,309.7716242116065,9.24,3.37,10.4,0.0,1.0,1.0,0.25,0.4
356,ITHACA RD,Minor Arterial,2,711.9742951744158,10.48,6.0,42.7,0.0,1.0,1.0,0.7,0.6
357,DRYDEN RD,Minor Arterial,2,161.24123107351687,12.19,7.16,11.5,0.0,1.0,1.0,0.7,0.6
358,DRYDEN RD,Minor Arterial,2,724.6043390933281,10.69,3.83,27.8,0.0,1.0,1.0,0.7,0.6
359,OAK AVE EB LANE,Local Road,1,51.256926229094326,9.59,7.43,3.8,0.0,1.0,1.0,0.25,0.4
360,COLLEGE AVE,Local Road,2,399.88281700227645,4.45,0.27,1.1,0.0,1.0,1.0,0.25,0.2
361,OAK AVE WB LANE,Local Road,1,85.21852980732127,6.4,2.82,2.4,0.0,1.0,1.0,0.25,0.4
362,COLLEGE AVE,NA,2,37.79812584548645,26.75,10.23,3.9,0.0,1.0,1.0,0.25,1.0
363,COLLEGE AVE,Minor Arterial,2,476.24315208060585,7.41,5.58,26.6,0.0,1.0,1.0,0.7,0.4
364,COOK ST,Local Road,1,210.29766948618496,24.68,15.93,33.5,0.0,1.0,1.0,0.25,1.0
365,EDDY ST,Collector,2,561.0104758355615,9.8,6.14,34.4,0.0,1.0,1.0,0.5,0.4
366,E BUFFALO ST,Minor Arterial,2,547.6677614905072,15.91,11.6,63.5,0.0,0.6,1.0,0.7,0.8
367,E BUFFALO ST,Minor Arterial,2,644.6391079052253,12.91,10.56,68.1,0.0,1.0,1.0,0.7,0.6
368,E BUFFALO ST,Minor Arterial,2,319.7208241427042,20.34,15.02,48.0,0.0,1.0,1.0,0.7,1.0
369,E BUFFALO ST,Minor Arterial,2,405.59532171567093,14.71,9.75,39.6,0.0,0.6,1.0,0.7,0.6
370,E BUFFALO ST,Minor Arterial,2,315.69058889838857,1.23,0.84,2.7,0.0,0.6,1.0,0.7,0.2
371,E BUFFALO ST,Minor Arterial,2,595.4046182287619,1.78,0.55,3.3,0.0,0.6,0.0,0.7,0.2
372,W BUFFALO ST,Minor Arterial,2,464.6348071197602,1.34,0.64,3.0,0.0,0.6,0.0,0.7,0.2
373,W BUFFALO ST,Minor Arterial,3,598.2687554193035,0.83,0.0,0.0,0.0,0.6,0.0,0.7,0.2
374,W BUFFALO ST,Minor Arterial,2,464.6017681792438,0.62,0.35,1.6,0.0,0.6,0.0,0.7,0.2
375,W BUFFALO ST,Minor Arterial,2,463.6319808821893,1.36,0.64,3.0,0.0,0.6,0.0,0.7,0.2
376,W BUFFALO ST,Minor Arterial,2,595.4456847537137,1.43,0.76,4.5,0.0,0.6,0.0,0.7,0.2
377,W BUFFALO ST,Minor Arterial,2,266.18334897460227,1.19,0.68,1.8,0.0,0.6,0.0,0.7,0.2
378,W BUFFALO ST,Minor Arterial,4,98.27054160991236,6.0,2.09,2.1,0.0,0.6,0.0,0.7,0.4
379,W BUFFALO ST,Minor Arterial,4,158.4912833943071,6.62,0.1,0.2,0.0,0.6,0.0,0.7,0.4
380,W BUFFALO ST BRIDGE,Minor Arterial,3,279.0678629139996,29.19,2.97,8.3,0.0,0.6,0.0,0.7,1.0
381,W BUFFALO ST,Minor Arterial,4,469.6887731677746,3.5,0.49,2.3,0.0,0.6,0.0,0.7,0.2
382,FLORAL AVE,Minor Arterial,2,1426.6191405597947,4.88,1.11,15.8,0.0,0.6,0.0,0.7,0.2
383,W CLINTON ST,Minor Arterial,2,464.95096294877715,1.92,0.79,3.7,0.0,0.6,0.0,0.7,0.2
384,PROSPECT ST,Minor Arterial,2,609.3777546701506,10.64,7.7,46.9,0.0,0.6,0.0,0.7,0.6
385,S AURORA ST,Minor Arterial,2,338.0491166725519,17.73,11.61,39.3,0.0,0.6,0.0,0.7,0.8
386,S AURORA ST,Minor Arterial,2,320.06326768353784,11.1,8.46,27.1,0.0,0.6,0.0,0.7,0.6
387,S AURORA ST,Minor Arterial,2,338.16304768056494,11.24,8.43,28.5,0.0,0.6,0.0,0.7,0.6
388,S AURORA ST,Minor Arterial,2,381.54203538195566,27.07,14.23,54.3,0.0,0.6,0.0,0.7,1.0
389,N AURORA ST,Minor Arterial,2,315.24908592071944,2.2,1.12,3.5,0.0,0.6,0.0,0.7,0.2
390,N AURORA ST,Minor Arterial,2,326.13072825691177,2.33,1.05,3.4,0.0,0.6,1.0,0.7,0.2
391,N AURORA ST,Minor Arterial,2,462.1277063600912,1.14,0.42,1.9,0.0,0.6,1.0,0.7,0.2
392,N AURORA ST,Minor Arterial,2,569.2543988380734,3.43,1.92,10.9,0.0,0.6,1.0,0.7,0.2
393,N AURORA ST,Minor Arterial,2,239.07933879079246,2.65,0.28,0.7,0.0,0.6,1.0,0.7,0.2
394,N AURORA ST,Minor Arterial,2,418.518026774419,1.52,0.79,3.3,0.0,0.6,1.0,0.7,0.2
395,N AURORA ST,Minor Arterial,2,413.8456632114988,0.98,0.61,2.5,0.0,0.6,1.0,0.7,0.2
396,N AURORA ST,Minor Arterial,2,413.7618412646503,0.85,0.35,1.5,0.0,0.6,1.0,0.7,0.2
397,N TIOGA ST,Collector,2,417.3136507082143,0.26,0.13,0.5,0.0,0.6,1.0,0.5,0.2
398,N TIOGA ST,Collector,2,418.5561284240443,0.96,0.26,1.1,0.0,0.6,1.0,0.5,0.2
399,N TIOGA ST,Collector,2,417.84256146338083,0.94,0.68,2.8,0.0,0.6,1.0,0.5,0.2
400,N TIOGA ST,Collector,2,416.8523987540776,1.44,0.78,3.2,0.0,0.6,1.0,0.5,0.2
401,N TIOGA ST,Collector,2,406.1209701635113,3.49,0.97,3.9,0.0,0.6,1.0,0.5,0.2
402,N CAYUGA ST,Minor Arterial,2,471.7102779096024,2.5,0.68,3.2,0.0,0.6,0.0,0.7,0.2
403,N TIOGA ST,Collector,2,328.9500657681923,2.34,1.0,3.3,0.0,0.6,0.0,0.5,0.2
404,LINN ST,Minor Arterial,2,170.2413630082437,4.19,0.12,0.2,0.0,0.6,1.0,0.7,0.2
405,E COURT ST,Minor Arterial,2,316.72572648490603,2.55,1.33,4.2,0.0,0.6,1.0,0.7,0.2
406,W COURT ST,Minor Arterial,2,265.0591894865999,1.79,0.49,1.3,0.0,0.6,0.0,0.7,0.2
407,W COURT ST,Minor Arterial,2,595.4602637707435,1.79,0.64,3.8,0.0,0.6,0.0,0.7,0.2
408,W COURT ST,Minor Arterial,2,596.2333272069463,0.2,0.16,0.9,0.0,0.6,0.0,0.7,0.2
409,OSMUN PL,Local Road,2,264.1426888421947,9.27,2.88,7.6,0.0,1.0,1.0,0.25,0.4
410,STEWART AVE,Collector,2,329.9868790772805,13.66,7.82,25.8,0.0,1.0,1.0,0.5,0.6
411,GILES ST,Local Road,1,1030.2310057029317,7.63,0.77,7.9,0.0,0.6,1.0,0.25,0.4
412,HUDSON ST,Collector,2,677.813938811127,18.95,10.11,68.5,0.0,0.6,1.0,0.5,0.8
413,HUDSON ST,Collector,2,363.52175421440893,14.51,9.61,34.9,0.0,0.6,1.0,0.5,0.6
414,ELMWOOD AVE,Local Road,2,696.7593392845121,5.49,0.1,0.7,0.0,1.0,1.0,0.25,0.4
415,FAIRMOUNT AVE,Local Road,2,472.97659405676336,9.28,5.63,26.6,0.0,1.0,1.0,0.25,0.4
416,MAPLE GROVE PL,Local Road,2,213.26854113624955,6.66,2.41,5.1,0.0,1.0,1.0,0.25,0.4
417,MILLER ST,Local Road,2,310.4820892598338,6.64,2.65,8.2,0.0,1.0,1.0,0.25,0.4
418,WORTH ST,Local Road,2,307.032485079342,9.28,5.06,15.5,0.0,1.0,1.0,0.25,0.4
419,WORTH ST,Local Road,2,309.5909730676642,7.57,4.68,14.5,0.0,1.0,1.0,0.25,0.4
420,WORTH ST,Local Road,2,208.0399907172597,5.83,4.04,8.4,0.0,1.0,1.0,0.25,0.4
421,MITCHELL ST,Collector,2,311.83851883685963,11.71,4.42,13.8,0.0,1.0,1.0,0.5,0.6
422,RIDGEDALE RD,Local Road,2,826.1163139623536,11.75,7.49,61.9,0.0,1.0,1.0,0.25,0.6
423,VALLEY RD,Local Road,2,573.4239656263076,14.37,8.39,48.1,0.0,0.6,1.0,0.25,0.6
424,VALLEY RD,Local Road,2,1142.908112473968,14.89,7.98,91.2,0.0,0.6,1.0,0.25,0.6
425,ITHACA RD,Local Road,2,305.84595471658525,10.28,3.87,11.8,0.0,1.0,1.0,0.25,0.6
426,BRANDON PL,Local Road,2,511.6548282147393,5.07,1.05,5.4,0.0,1.0,1.0,0.25,0.4
427,DUNMORE PL,Local Road,1,222.4523685257755,11.07,7.78,17.3,0.0,0.6,1.0,0.25,0.6
428,CORNELL WALK,Local Road,2,803.0269355358975,14.2,9.22,74.1,0.0,0.6,1.0,0.25,0.6
429,VALLEY RD,Local Road,2,318.90427791909815,13.88,6.91,22.0,0.0,0.6,1.0,0.25,0.6
430,HOMESTEAD RD,Local Road,2,714.3837461552725,14.16,8.26,59.0,0.0,0.6,1.0,0.25,0.6
431,HOMESTEAD TER,Local Road,2,686.2050421922988,13.81,4.77,32.7,0.0,0.6,1.0,0.25,0.6
432,EASTWOOD TER,Local Road,2,329.8901452021703,12.47,7.34,24.2,0.0,0.6,1.0,0.25,0.6
433,EASTWOOD AVE,Local Road,2,531.3977080021677,11.4,6.59,35.0,0.0,0.6,1.0,0.25,0.6
434,WOODCREST TER,Local Road,2,330.87846780955175,14.7,5.68,18.8,0.0,0.6,1.0,0.25,0.6
435,WOODCREST AVE,Local Road,2,1086.5356241260004,10.65,6.15,66.8,0.0,0.6,1.0,0.25,0.6
436,WOODCREST AVE,Local Road,2,403.7442787476115,16.04,10.54,42.6,0.0,0.6,1.0,0.25,0.8
437,WATER ST,Local Road,2,626.9148152904021,20.48,13.0,81.5,0.0,0.6,1.0,0.25,1.0
438,WATER ST,Local Road,2,268.14385668823417,17.75,12.14,32.6,0.0,0.6,1.0,0.25,0.8
439,TREVA AVE,Local Road,2,368.0541375607143,7.74,2.36,8.7,0.0,0.6,1.0,0.25,0.4
440,VALENTINE PL,Local Road,2,266.7729516462646,18.31,9.31,24.8,0.0,0.6,1.0,0.25,0.8
441,GILES ST,Collector,2,1854.8780905332908,7.95,1.4,26.0,0.0,0.6,1.0,0.5,0.4
442,COLUMBIA ST,Collector,2,747.4386642693934,17.91,10.26,76.7,0.0,0.6,1.0,0.5,0.8
443,FERRIS PL,Local Road,2,565.6856825938838,15.39,5.02,28.4,0.0,0.6,1.0,0.25,0.8
444,S QUARRY ST,Local Road,2,415.84090667877246,12.31,5.97,24.8,0.0,0.6,1.0,0.25,0.6
445,CRESCENT PL,Local Road,2,885.4700633215521,7.57,3.41,30.2,0.0,0.6,0.0,0.25,0.4
446,HAWTHORNE PL,Local Road,2,821.3202116095235,10.78,6.67,54.8,0.0,0.6,0.0,0.25,0.6
447,PEARSALL PL,Local Road,2,717.0012335135191,10.71,4.55,32.6,0.0,0.6,0.0,0.25,0.6
448,FOREST PARK LA,NA,2,391.83746865986086,5.9,1.32,5.2,0.0,1.0,1.0,0.25,0.4
449,LINN ST,Local Road,2,637.6443804224281,4.47,2.82,18.0,0.0,0.6,1.0,0.25,0.2
450,WORTH ST,Local Road,2,370.1045130365526,11.63,6.25,23.1,0.0,1.0,1.0,0.25,0.6
451,FIFTH ST,Local Road,2,457.45157592438,0.0,0.0,0.0,0.0,0.6,0.0,0.25,0.2
452,VINEGAR HILL,Local Road,2,427.85612959751745,19.51,14.21,60.8,0.0,0.6,0.0,0.25,0.8
453,N ALBANY ST,Collector,2,331.5026816176835,1.18,0.5,1.7,0.0,0.6,0.0,0.5,0.2
454,MADISON ST,Local Road,2,80.88721479376223,4.9,1.89,1.5,0.0,0.6,0.0,0.25,0.2
455,W YATES ST,Local Road,2,122.24325988826479,3.65,1.09,1.3,0.0,0.6,0.0,0.25,0.2
456,AUBURN ST,Local Road,2,428.7927607923802,1.03,0.47,2.0,0.0,0.6,0.0,0.25,0.2
457,AUBURN ST,Local Road,2,415.9389217980546,0.0,0.0,0.0,0.0,0.6,0.0,0.25,0.2
458,W LEWIS ST,Local Road,2,336.23600699083886,0.36,0.1,0.3,0.0,0.6,0.0,0.25,0.2
459,UTICA ST,Local Road,2,485.78085061075274,0.37,0.08,0.4,0.0,0.6,0.0,0.25,0.2
460,E FALLS ST,Local Road,2,529.5064289242641,6.31,2.27,12.0,0.0,0.6,1.0,0.25,0.4
461,AUBURN ST,Local Road,2,418.5883866666415,0.0,0.0,0.0,0.0,0.6,0.0,0.25,0.2
462,AUBURN ST,Local Road,2,445.48809690054594,0.0,0.0,0.0,0.0,0.6,0.0,0.25,0.2
463,UTICA ST,Local Road,2,415.58375962245,0.19,0.13,0.5,0.0,0.6,0.0,0.25,0.2
464,UTICA ST,Local Road,2,418.6721922943512,0.53,0.31,1.3,0.0,0.6,0.0,0.25,0.2
465,UTICA ST,Local Road,2,418.49010316872443,1.2,0.48,2.0,0.0,0.6,0.0,0.25,0.2
466,UTICA ST,Local Road,2,416.5384431441087,1.5,0.66,2.7,0.0,0.6,0.0,0.25,0.2
467,UTICA ST,Local Road,2,415.7088003273318,1.5,0.81,3.4,0.0,0.6,0.0,0.25,0.2
468,DEY ST,Collector,2,389.6823029121122,0.0,0.0,0.0,0.0,0.6,0.0,0.5,0.2
469,DEY ST,Collector,2,390.5004212331171,0.0,0.0,0.0,0.0,0.6,0.0,0.5,0.2
470,SEARS ST,Local Road,2,561.193779929629,1.44,0.71,4.0,0.0,0.6,0.0,0.25,0.2
471,E GREEN TO E SENECA CONNECTOR,Minor Arterial,1,263.247130611911,6.23,0.45,1.2,0.0,0.6,1.0,0.7,0.4
472,SENECA WAY,Minor Arterial,2,665.4066894109429,6.04,1.7,11.3,0.0,0.6,1.0,0.7,0.4
473,ELMIRA CIR,Minor Arterial,1,283.9743278777041,4.34,0.0,0.0,0.0,0.6,0.0,0.7,0.2
474,S ALBANY ST,Minor Arterial,2,376.64816634668097,2.73,0.73,2.7,0.0,0.6,0.0,0.7,0.2
475,S ALBANY ST,Minor Arterial,2,526.4335814251984,5.61,0.02,0.1,0.0,0.6,0.0,0.7,0.4
476,ELMIRA RD,Minor Arterial,2,603.2190146600459,7.95,1.18,7.1,0.0,0.6,0.0,0.7,0.4
477,S MEADOW ST,Principal Arterial,3,1544.177367878321,0.0,0.0,0.0,1.0,0.6,0.0,0.85,0.2
478,W CLINTON ST EB LANE,Local Road,1,116.93979507563915,3.18,0.32,0.4,0.0,0.6,0.0,0.25,0.2
479,CECIL A MALONE DR,Local Road,2,403.50617945064596,3.25,0.23,0.9,0.0,0.6,0.0,0.25,0.2
480,ELMCREST CIR,Local Road,2,262.788384074158,9.02,6.26,16.5,0.0,0.0,0.0,0.25,0.4
481,TAYLOR PL,Local Road,2,317.16166126327863,7.34,2.83,9.0,0.0,0.6,0.0,0.25,0.4
482,CLIFF PARK RD,Local Road,2,338.2400924757493,10.31,6.33,21.4,0.0,0.6,0.0,0.25,0.6
483,SHORT ST,Local Road,2,381.57002311854694,0.0,0.0,0.0,0.0,0.6,0.0,0.25,0.2
484,JAMES L GIBBS DR,Local Road,2,745.1438178807103,3.94,0.17,1.3,0.0,0.6,0.0,0.25,0.2
485,SCIENCES DR,NA,0,371.8470528643706,5.86,1.79,6.6,0.0,1.0,1.0,0.25,0.4
486,ELMWOOD AVE,Local Road,2,586.8724723718535,8.37,2.57,15.1,0.0,1.0,1.0,0.25,0.4
487,PEARL ST,Local Road,2,428.2082039215359,6.79,2.31,9.9,0.0,1.0,1.0,0.25,0.4
488,COBB ST,Local Road,2,410.27357747840557,6.06,2.25,9.2,0.0,1.0,1.0,0.25,0.4
489,CORNELL ST,Collector,2,738.7219680571943,7.83,2.68,19.8,0.0,0.6,1.0,0.5,0.4
490,CORNELL ST,Collector,2,477.934050070828,6.63,3.4,16.3,0.0,1.0,1.0,0.5,0.4
491,TERRACE PL,Local Road,1,497.39834411054716,18.74,5.27,26.2,0.0,0.6,1.0,0.25,0.8
492,CASCADILLA AVE,Local Road,1,698.2766091473563,3.18,0.77,5.4,0.0,0.6,0.0,0.25,0.2
493,PIER RD,Local Road,2,2203.465434193624,1.3,0.12,2.6,0.0,0.6,0.0,0.25,0.2
494,LINN ST,Local Road,2,254.7687458433549,13.07,1.02,2.6,0.0,0.6,1.0,0.25,0.6
495,ALICE MILLER WAY,Local Road,1,404.8112270951197,0.0,0.0,0.0,0.0,0.6,0.0,0.25,0.2
496,ADAMS ST,Local Road,2,143.68448792090598,0.0,0.0,0.0,0.0,0.6,0.0,0.25,0.2
497,ADAMS ST,Local Road,2,328.1096848745832,0.0,0.0,0.0,0.0,0.6,0.0,0.25,0.2
498,PIER RD end,NA,2,44.99416697505575,0.21,0.21,0.1,0.0,0.6,0.0,0.25,0.2
499,E CLINTON ST,Minor Arterial,2,266.3855934130455,26.43,9.76,26.0,0.0,0.6,0.0,0.7,1.0
500,ELMWOOD AVE,Local Road,2,333.1216511915712,9.24,0.74,2.5,0.0,1.0,1.0,0.25,0.4
501,ONEIDA PL,Local Road,2,205.08904740203772,10.81,1.33,2.7,0.0,1.0,1.0,0.25,0.6
502,BALCH DR,NA,0,478.453054606205,100.19,0.0,0.0,0.0,1.0,1.0,0.25,1.0
503,ELMWOOD AVE,Local Road,2,575.6866575669621,10.46,3.57,20.5,0.0,1.0,1.0,0.25,0.6
504,BRIDGE ST,Local Road,2,466.1485148906204,19.45,14.0,65.3,0.0,0.6,1.0,0.25,0.8
505,WEST AVE,NA,1,250.02409432396314,9.36,4.02,10.0,0.0,1.0,1.0,0.25,0.4
506,WAIT AVE,Local Road,2,494.6846819621472,5.3,3.63,18.0,0.0,1.0,1.0,0.25,0.4
507,THIRD ST,Local Road,2,1217.818686845748,1.67,0.04,0.5,0.0,0.6,0.0,0.25,0.2
508,CASCADILLA ST,Local Road,2,361.08820751577775,1.18,0.25,0.9,0.0,0.6,0.0,0.25,0.2
509,N MEADOW ST,Principal Arterial,4,1016.666254928733,0.0,0.0,0.0,1.0,0.6,0.0,0.85,0.2
510,N MEADOW ST SB,Principal Arterial,2,815.2141547525849,2.63,0.49,4.0,1.0,0.6,0.0,0.85,0.2
511,N MEADOW ST NB,Principal Arterial,2,805.0985791146812,3.37,0.48,3.9,1.0,0.6,0.0,0.85,0.2
512,NYS RTE 13 SB,Principal Arterial,2,1301.8698926993309,8.36,0.16,2.0,1.0,0.6,0.0,0.85,0.4
513,NYS RTE 13 NB,Principal Arterial,2,1306.7119653346099,8.24,0.15,1.9,1.0,0.6,0.0,0.85,0.4
514,NYS RTE 13 NB,Principal Arterial,2,2210.989182069741,1.95,0.35,7.7,1.0,0.6,0.0,0.85,0.2
515,NYS RTE 13 SB,Principal Arterial,2,2364.811243882802,1.82,0.23,5.5,1.0,0.6,0.0,0.85,0.2
516,PARK RD,Local Road,2,903.2216284544124,7.46,1.33,12.1,0.0,0.6,0.0,0.25,0.4
517,TAUGHANNOCK BLVD,Collector,2,1336.1685281501123,2.13,0.01,0.1,0.0,0.6,0.0,0.5,0.2
518,COVE LA,NA,0,786.7325058123726,1.43,0.13,1.0,0.0,0.6,0.0,0.25,0.2
519,SUNRISE RD,Local Road,2,361.2174933648737,15.33,7.66,27.7,0.0,0.6,0.0,0.25,0.8
520,TAUGHANNOCK BLVD,Collector,2,334.61928736681153,1.17,0.18,0.6,0.0,0.6,0.0,0.5,0.2
521,W VILLAGE PL,Local Road,2,949.784039811276,9.64,2.63,25.0,0.0,0.6,0.0,0.25,0.4
522,S CAYUGA ST,Local Road,2,503.69708225730164,19.99,13.26,66.8,0.0,0.6,0.0,0.25,0.8
523,CAMPUS RD,NA,2,481.55551458269986,13.83,7.0,33.7,0.0,1.0,1.0,0.25,0.6
524,CLIFF PARK CIR,Local Road,2,180.48289202561395,14.55,8.03,14.5,0.0,0.6,0.0,0.25,0.6
525,W BUFFALO ST,Minor Arterial,2,126.56355526751685,7.16,1.63,2.1,0.0,0.6,0.0,0.7,0.4
526,HAWTHORNE CIR,Local Road,2,178.5447880229661,13.03,5.73,10.2,0.0,0.6,0.0,0.25,0.6
527,FALL CREEK DR,Local Road,2,443.1952026212627,23.42,11.69,51.8,0.0,1.0,1.0,0.25,1.0
528,JESSUP RD,NA,2,176.21477171950195,3.1,1.44,2.5,0.0,1.0,1.0,0.25,0.2
529,LLENROC CT,Local Road,2,440.0092301224875,8.21,3.03,13.3,0.0,1.0,1.0,0.25,0.4
530,PENNSYLVANIA AVE,Local Road,2,208.62476500279053,9.25,5.5,11.5,0.0,0.6,0.0,0.25,0.4
531,STATLER HOTEL DRIVEWAY,NA,0,312.9670189764422,9.64,0.0,0.0,0.0,1.0,1.0,0.25,0.4
532,STATLER DR,NA,0,443.95139153200716,6.93,0.52,2.3,0.0,1.0,1.0,0.25,0.4
533,STEWART PARK RD,NA,2,1257.0945049251154,0.84,0.09,1.2,0.0,0.6,0.0,0.25,0.2
534,STEWART PARK RD,NA,1,1953.107621495629,0.8,0.07,1.3,0.0,0.6,0.0,0.25,0.2
535,STEWART PARK TURNAROUND,NA,1,448.77771017555534,2.46,0.0,0.0,0.0,0.6,0.0,0.25,0.2
536,STEWART PARK RD,NA,2,1321.1518669226245,1.46,0.11,1.5,0.0,0.6,0.0,0.25,0.2
537,GARDNER PKWY,NA,1,208.99436832843864,1.92,0.73,1.5,0.0,0.6,0.0,0.25,0.2
538,GARDNER PKWY,NA,1,205.4912232753192,1.94,0.9,1.8,0.0,0.6,0.0,0.25,0.2
539,STEWART PARK RD,NA,2,56.23332752147443,1.11,0.06,0.0,0.0,0.6,0.0,0.25,0.2
540,TAUGHANNOCK BLVD,Collector,2,183.48400688677384,5.15,0.91,1.7,0.0,0.6,0.0,0.5,0.4
541,FAIRMOUNT AVE,Local Road,2,318.88402185967857,11.79,5.64,18.0,0.0,1.0,1.0,0.25,0.6
542,E GREEN ST,Minor Arterial,2,429.2998962673369,15.3,1.57,6.7,0.0,0.6,1.0,0.7,0.8
543,E STATE ST / M.L.K. JR ST,Minor Arterial,2,95.71497635023863,4.02,2.54,2.4,0.0,0.6,1.0,0.7,0.2
544,S CAYUGA ST,Collector,2,159.14814872086794,53.98,6.61,10.5,0.0,0.6,0.0,0.5,1.0
545,SPENCER RD,Local Road,2,4174.5162357157305,5.2,0.0,0.1,0.0,0.6,0.0,0.25,0.4
546,TAUGHANNOCK BLVD,Collector,2,1177.5161011346029,1.45,0.08,1.0,0.0,0.6,0.0,0.5,0.2
547,CASS PARK,NA,2,592.5454116669059,5.21,0.43,2.6,0.0,0.6,0.0,0.25,0.4
548,TAUGHANNOCK BLVD,Collector,2,1599.0508564867912,7.65,1.05,16.7,0.0,0.6,0.0,0.5,0.4
549,RUNWAY LA,NA,0,461.79563550101625,1.08,0.42,1.9,0.0,0.6,0.0,0.25,0.2
550,COVE LA,NA,0,75.4955983013261,0.31,0.31,0.2,0.0,0.6,0.0,0.25,0.2
551,COVE LA,NA,0,138.07361560818217,0.29,0.02,0.0,0.0,0.6,0.0,0.25,0.2
552,TAUGHANNOCK BLVD,Collector,2,1638.125094997633,1.15,0.14,2.2,0.0,0.6,0.0,0.5,0.2
553,RUNWAY LA,NA,0,186.1001960552774,1.84,0.55,1.0,0.0,0.6,0.0,0.25,0.2
554,RUNWAY LA,NA,0,788.4458886757375,1.16,0.16,1.2,0.0,0.6,0.0,0.25,0.2
555,COVE LA,NA,0,342.61824984635257,0.74,0.03,0.1,0.0,0.6,0.0,0.25,0.2
556,W SENECA ST,Minor Arterial,2,292.12606626578065,3.71,0.37,1.1,0.0,0.6,0.0,0.7,0.2
557,JAMES L GIBBS TURNAROUND,NA,1,308.84391179828015,0.62,0.1,0.3,0.0,0.6,0.0,0.25,0.2
558,N TAYLOR PL,Local Road,2,394.6016699745686,14.51,11.4,45.0,0.0,0.6,0.0,0.25,0.6
559,N TAYLOR PL,Local Road,2,185.17352866729016,26.54,7.99,14.8,0.0,0.6,0.0,0.25,1.0
560,CAYUGA LAKE ACCESS ROAD,NA,0,1736.19438281885,3.76,0.11,1.9,0.0,0.6,0.0,0.25,0.2
561,FALLVIEW TER,Local Road,2,479.0621002798718,17.68,3.49,16.7,0.0,0.6,0.0,0.25,0.8
562,CAMPBELL AVE,Local Road,2,1131.3125190390542,9.52,1.0,11.4,0.0,0.6,0.0,0.25,0.4
563,HIGHLAND AVE,Local Road,2,463.1163124640978,6.99,1.04,4.8,0.0,1.0,1.0,0.25,0.4
564,KELVIN PL,Local Road,2,185.95871955578542,7.05,1.77,3.3,0.0,1.0,1.0,0.25,0.4
565,HUDSON ST,Collector,2,1061.0816357646038,10.77,7.67,81.4,0.0,0.6,0.0,0.5,0.6
566,HUDSON ST,Collector,2,454.05362151293406,12.75,8.71,39.5,0.0,0.6,0.0,0.5,0.6
567,CRESCENT PL,Local Road,2,475.1547240782818,9.48,3.44,16.3,0.0,0.6,0.0,0.25,0.4
568,HUDSON ST,Collector,2,174.36202633237295,11.55,9.14,15.9,0.0,0.6,0.0,0.5,0.6
569,S AURORA ST,Minor Arterial,2,143.11088547053265,43.69,6.01,8.6,0.0,0.6,0.0,0.7,1.0
570,OAK AVE,Local Road,1,863.8121836393143,9.67,3.28,28.3,0.0,1.0,1.0,0.25,0.4
571,OAK AVE,Local Road,2,876.5732565105762,10.54,6.05,53.1,0.0,1.0,1.0,0.25,0.6
572,LAKE ST,Minor Arterial,2,92.1086738001124,58.8,6.58,6.1,0.0,0.6,1.0,0.7,1.0
573,LAKE ST,Minor Arterial,2,347.9327196269403,34.78,6.83,23.8,0.0,0.6,1.0,0.7,1.0
574,E LINCOLN ST,Minor Arterial,2,291.39428686291797,1.15,0.66,1.9,0.0,0.6,0.0,0.7,0.2
575,E LINCOLN ST,Minor Arterial,2,323.4825209855643,2.07,0.92,3.0,0.0,0.6,1.0,0.7,0.2
576,E JAY ST,Local Road,2,295.33483615616456,0.96,0.63,1.9,0.0,0.6,1.0,0.25,0.2
577,QUEEN ST,Local Road,2,319.0684399320406,9.83,4.7,15.0,0.0,0.6,1.0,0.25,0.4
578,KING ST,Local Road,2,324.024717070123,0.76,0.03,0.1,0.0,0.6,1.0,0.25,0.2
579,E LEWIS ST,Local Road,2,292.7770560488332,0.61,0.23,0.7,0.0,0.6,1.0,0.25,0.2
580,W MARSHALL ST,Local Road,2,298.5508130307651,1.1,0.24,0.7,0.0,0.6,0.0,0.25,0.2
581,W MARSHALL ST,Local Road,2,290.7842779473037,0.79,0.23,0.7,0.0,0.6,1.0,0.25,0.2
582,E MARSHALL ST,Local Road,2,319.0045018019245,0.53,0.19,0.6,0.0,0.6,1.0,0.25,0.2
583,FARM ST,Local Road,2,590.9870263076111,1.45,0.25,1.5,0.0,0.6,1.0,0.25,0.2
584,CASCADILLA PARK RD,Local Road,2,348.51206422708924,18.38,9.52,33.2,0.0,1.0,1.0,0.25,0.8
585,N TIOGA ST,Collector,2,402.9686325124893,2.49,0.69,2.8,0.0,0.6,0.0,0.5,0.2
586,CASCADILLA ST,Collector,2,265.22356545495876,0.8,0.33,0.9,0.0,0.6,0.0,0.5,0.2
587,CASCADILLA ST,Collector,2,206.44299296509678,0.98,0.37,0.8,0.0,0.6,0.0,0.5,0.2
588,CASCADILLA ST,Collector,2,596.2095879634445,1.53,0.51,3.0,0.0,0.6,0.0,0.5,0.2
589,CASCADILLA ST,Collector,2,258.6593256530458,0.55,0.46,1.2,0.0,0.6,0.0,0.5,0.2
590,CASCADILLA ST,Collector,2,378.3726842761245,0.2,0.05,0.2,0.0,0.6,0.0,0.5,0.2
591,W LINCOLN ST,Collector,2,588.7090593425112,0.0,0.0,0.0,0.0,0.6,0.0,0.5,0.2
592,W LINCOLN ST,Local Road,2,325.9308950849523,0.0,0.0,0.0,0.0,0.6,0.0,0.25,0.2
593,FRANKLIN ST,Local Road,2,320.8687248242065,0.0,0.0,0.0,0.0,0.6,0.0,0.25,0.2
594,THIRD ST,Local Road,2,138.43292640480144,1.29,0.07,0.1,0.0,0.6,0.0,0.25,0.2
595,THIRD ST,Local Road,2,391.1466619206756,1.33,0.37,1.4,0.0,0.6,0.0,0.25,0.2
596,THIRD ST,Local Road,2,446.07519437953505,0.0,0.0,0.0,0.0,0.6,0.0,0.25,0.2
597,W MARSHALL ST,Local Road,2,247.69103251659507,0.0,0.0,0.0,0.0,0.6,0.0,0.25,0.2
598,HANCOCK ST,Collector,2,324.6483641248788,1.84,0.52,1.7,0.0,0.6,0.0,0.5,0.2
599,MADISON ST,Local Road,2,323.47256709161155,2.13,0.2,0.6,0.0,0.6,0.0,0.25,0.2
600,MADISON ST,Local Road,2,327.1504527252096,0.41,0.17,0.5,0.0,0.6,0.0,0.25,0.2
601,MADISON ST,Local Road,2,332.2216461138992,1.85,0.07,0.2,0.0,0.6,0.0,0.25,0.2
602,MADISON ST,Local Road,2,333.6224472677723,0.0,0.0,0.0,0.0,0.6,0.0,0.25,0.2
603,HANCOCK ST,Collector,2,326.9862112216339,0.0,0.0,0.0,0.0,0.6,0.0,0.5,0.2
604,HANCOCK ST,Collector,2,331.8695891679462,0.0,0.0,0.0,0.0,0.6,0.0,0.5,0.2
605,HANCOCK ST,Collector,2,331.28290054110704,0.0,0.0,0.0,0.0,0.6,0.0,0.5,0.2
606,HANCOCK ST,Collector,2,415.60329689697835,0.0,0.0,0.0,0.0,0.6,0.0,0.5,0.2
607,THIRD ST,Local Road,2,391.01804775615597,0.0,0.0,0.0,0.0,0.6,0.0,0.25,0.2
608,FIRST ST,Local Road,2,392.2419724855226,0.0,0.0,0.0,0.0,0.6,0.0,0.25,0.2
609,FIRST ST,Local Road,2,394.18765381862386,0.0,0.0,0.0,0.0,0.6,0.0,0.25,0.2
610,FIRST ST,Local Road,2,228.06249141385058,0.0,0.0,0.0,0.0,0.6,0.0,0.25,0.2
611,FIRST ST,Local Road,2,394.2748403871691,0.69,0.4,1.6,0.0,0.6,0.0,0.25,0.2
612,FIRST ST,Local Road,2,387.6386986973774,0.82,0.54,2.1,0.0,0.6,0.0,0.25,0.2
613,FOURTH ST,Local Road,2,188.81046815134212,0.0,0.0,0.0,0.0,0.6,0.0,0.25,0.2
614,THIRD ST,Local Road,2,394.4962359503719,1.15,0.06,0.2,0.0,0.6,0.0,0.25,0.2
615,SECOND ST,Local Road,2,395.22972269539935,1.07,0.2,0.8,0.0,0.6,0.0,0.25,0.2
616,THIRD ST,Local Road,2,432.13481657487597,1.29,0.63,2.7,0.0,0.6,0.0,0.25,0.2
617,MONROE ST,Local Road,2,326.32055299020993,0.56,0.3,1.0,0.0,0.6,0.0,0.25,0.2
618,MONROE ST,Local Road,2,321.8394183919483,2.25,0.37,1.2,0.0,0.6,0.0,0.25,0.2
619,FIFTH ST,Local Road,2,359.7271420448825,0.0,0.0,0.0,0.0,0.6,0.0,0.25,0.2
620,LAKE AVE,Local Road,2,391.14338097539496,5.37,0.07,0.3,0.0,0.6,0.0,0.25,0.4
621,LAKE AVE,Local Road,1,578.8729422146191,6.98,1.0,5.8,0.0,0.6,0.0,0.25,0.4
622,N GENEVA ST,Local Road,2,730.1512087081979,1.84,0.54,3.9,0.0,0.6,0.0,0.25,0.2
623,ESTY ST,Local Road,2,465.1134810943826,1.2,0.54,2.5,0.0,0.6,0.0,0.25,0.2
624,ESTY ST,Local Road,2,264.14819450655045,1.2,0.56,1.5,0.0,0.6,0.0,0.25,0.2
625,PARK PL,Local Road,2,331.0052939975549,0.47,0.16,0.5,0.0,0.6,0.0,0.25,0.2
626,PARK PL,Local Road,2,471.31527295481845,1.12,0.36,1.7,0.0,0.6,0.0,0.25,0.2
627,N PLAIN ST,Collector,2,331.2204941154737,1.61,0.32,1.0,0.0,0.6,0.0,0.5,0.2
628,N PLAIN ST,Minor Arterial,2,333.6331628606077,1.66,0.4,1.3,0.0,0.6,0.0,0.7,0.2
629,N PLAIN ST,Minor Arterial,2,313.09363112351696,0.58,0.0,0.0,0.0,0.6,0.0,0.7,0.2
630,N GENEVA ST,Local Road,2,466.06829902128266,1.47,0.62,2.9,0.0,0.6,0.0,0.25,0.2
631,N GENEVA ST,Local Road,2,333.30314700577117,1.17,0.55,1.8,0.0,0.6,0.0,0.25,0.2
632,N GENEVA ST,Local Road,2,313.5981702006137,0.72,0.27,0.8,0.0,0.6,0.0,0.25,0.2
633,N CORN ST,Local Road,2,313.21699659772526,0.82,0.39,1.2,0.0,0.6,0.0,0.25,0.2
634,S GENEVA ST,Local Road,2,331.1343219998049,1.65,0.21,0.7,0.0,0.6,0.0,0.25,0.2
635,S PLAIN ST,Minor Arterial,2,330.932365829737,0.99,0.56,1.8,0.0,0.6,0.0,0.7,0.2
636,S PLAIN ST,Minor Arterial,2,308.4916925452873,1.27,0.57,1.8,0.0,0.6,0.0,0.7,0.2
637,CLEVELAND AVE,Local Road,2,595.936536898164,1.14,0.36,2.1,0.0,0.6,0.0,0.25,0.2
638,S PLAIN ST,Minor Arterial,2,441.22237212262155,1.09,0.4,1.8,0.0,0.6,0.0,0.7,0.2
639,FAYETTE ST,Local Road,2,440.0862408354001,1.5,0.81,3.5,0.0,0.6,0.0,0.25,0.2
640,COLUMBIA ST,Local Road,2,556.7287708741271,26.86,13.64,75.9,0.0,0.6,0.0,0.25,1.0
641,SOUTH HILL TER,Local Road,2,388.9948272792501,6.08,1.79,7.0,0.0,0.6,0.0,0.25,0.4
642,W SPENCER ST,Collector,2,1298.5302378140968,11.26,1.67,21.7,0.0,0.6,0.0,0.5,0.6
643,GRANDVIEW AVE,Local Road,2,429.115570112124,7.35,3.83,16.4,0.0,0.6,0.0,0.25,0.4
644,W SPENCER ST,Local Road,2,607.4937970974466,7.66,0.33,2.0,0.0,0.0,0.0,0.25,0.4
645,ELMIRA RD,Principal Arterial,5,1013.2971608464308,2.36,0.32,3.3,1.0,0.0,0.0,0.85,0.2
646,ELMIRA RD,Principal Arterial,5,1119.3200472156714,1.84,0.18,2.0,1.0,0.6,0.0,0.85,0.2
647,SPENCER RD,Local Road,2,668.0233868481687,7.73,1.28,8.5,0.0,0.6,0.0,0.25,0.4
648,BRINDLEY ST,Local Road,2,243.16174949871694,4.59,0.4,1.0,0.0,0.6,0.0,0.25,0.2
649,BRINDLEY ST,Local Road,2,101.37910955048305,9.69,0.44,0.4,0.0,0.6,0.0,0.25,0.4
650,ELM ST,Local Road,2,407.9154334436021,25.18,9.8,40.0,0.0,0.6,0.0,0.25,1.0
651,ELM ST,Local Road,2,904.1147932190352,13.94,6.51,58.9,0.0,0.6,0.0,0.25,0.6
652,HOOK PL,Local Road,2,464.8782626178526,17.35,13.77,64.0,0.0,0.6,0.0,0.25,0.8
653,CHESTNUT ST,Local Road,2,1868.4920866829239,6.14,1.14,21.3,0.0,0.6,0.0,0.25,0.4
654,CHESTNUT ST,Local Road,2,892.244084451169,10.45,0.13,1.2,0.0,0.6,0.0,0.25,0.6
655,RICHARD PL,Local Road,2,232.069617426636,10.82,3.28,7.6,0.0,0.0,0.0,0.25,0.6
656,CAMPBELL AVE,Local Road,2,415.14091406401946,24.16,7.9,32.8,0.0,0.6,0.0,0.25,1.0
657,N QUARRY ST,Local Road,2,328.03496053999055,10.57,6.0,19.7,0.0,1.0,1.0,0.25,0.6
658,DELAWARE AVE,Local Road,2,558.3387438963633,7.59,5.12,28.6,0.0,1.0,1.0,0.25,0.4
659,DEARBORN PL,Local Road,1,394.6972921435749,9.28,6.34,25.0,0.0,1.0,1.0,0.25,0.4
660,WYCKOFF AVE,Local Road,2,758.0100428466454,7.64,3.1,23.5,0.0,1.0,1.0,0.25,0.4
661,THURSTON AVE,Minor Arterial,2,466.11295998144124,1.92,0.85,4.0,0.0,1.0,1.0,0.7,0.2
662,THURSTON AVE,Local Road,2,696.2878992475532,9.21,4.08,28.4,0.0,1.0,1.0,0.25,0.4
663,STEWART AVE,Collector,2,762.2239061570177,16.42,4.09,31.2,0.0,1.0,1.0,0.5,0.8
664,THURSTON AVE,Local Road,2,516.2118648968345,8.65,6.76,34.9,0.0,1.0,1.0,0.25,0.4
665,FALL CREEK DR,Local Road,2,504.5575382906158,6.9,2.82,14.2,0.0,1.0,1.0,0.25,0.4
666,LAKE ST,Minor Arterial,2,849.7663269943786,16.91,10.04,85.3,0.0,1.0,1.0,0.7,0.8
667,STEWART AVE,Collector,2,462.5596882676033,11.07,3.2,14.8,0.0,1.0,1.0,0.5,0.6
668,N CAYUGA ST,Minor Arterial,2,1578.0524310361282,2.37,0.23,3.7,0.0,0.6,0.0,0.7,0.2
669,N CAYUGA ST,Minor Arterial,2,267.9262651737407,0.46,0.22,0.6,0.0,0.6,0.0,0.7,0.2
670,E FALLS ST,Local Road,2,325.03089233333793,2.62,1.06,3.4,0.0,0.6,1.0,0.25,0.2
671,N CAYUGA ST,Minor Arterial,2,484.7700661391096,0.35,0.01,0.1,0.0,0.6,0.0,0.7,0.2
672,E STATE ST / M.L.K. JR ST,Minor Arterial,2,407.4828071581712,11.04,3.82,15.6,0.0,0.6,1.0,0.7,0.6
673,E STATE ST / M.L.K. JR ST,Minor Arterial,2,347.12130258594885,12.81,4.96,17.2,0.0,0.6,1.0,0.7,0.6
674,E STATE ST / M.L.K. JR ST,Minor Arterial,2,667.8102465722945,9.11,4.46,29.8,0.0,0.6,1.0,0.7,0.4
675,HECTOR ST,Minor Arterial,2,1736.7450104661193,9.79,5.88,102.1,0.0,0.6,0.0,0.7,0.4
676,STEWART AVE,Collector,2,544.269280749868,10.69,0.14,0.8,0.0,1.0,1.0,0.5,0.6
677,LINN ST,Local Road,2,461.10613135282364,5.11,1.02,4.7,0.0,0.6,1.0,0.25,0.4
678,N CAYUGA ST,Minor Arterial,2,412.93808409514145,0.2,0.01,0.0,0.0,0.6,0.0,0.7,0.2
679,CLIFF ST,Minor Arterial,2,1997.9326233917413,9.53,5.3,106.0,0.0,0.6,0.0,0.7,0.4
680,HECTOR ST,Minor Arterial,2,930.0455759517613,11.9,8.52,79.3,0.0,0.6,0.0,0.7,0.6
681,CLIFF ST,Minor Arterial,2,1067.9213468960543,9.42,4.91,52.4,0.0,0.6,0.0,0.7,0.4
682,HECTOR ST,Minor Arterial,2,299.2020169774269,17.74,6.42,19.2,0.0,0.6,0.0,0.7,0.8
683,N MEADOW ST,Principal Arterial,3,264.4940244880777,0.0,0.0,0.0,1.0,0.6,0.0,0.85,0.2
684,N MEADOW ST,Principal Arterial,3,334.1868404718779,0.17,0.15,0.5,1.0,0.6,0.0,0.85,0.2
685,S MEADOW ST,Principal Arterial,3,317.98426369267315,2.53,0.37,1.2,1.0,0.6,0.0,0.85,0.2
686,S MEADOW ST,Principal Arterial,3,331.324662576365,0.68,0.04,0.1,1.0,0.6,0.0,0.85,0.2
687,N MEADOW ST,Principal Arterial,4,313.4770714101956,1.57,0.49,1.5,1.0,0.6,0.0,0.85,0.2
688,N MEADOW ST,Principal Arterial,3,331.8912146102745,0.15,0.01,0.0,1.0,0.6,0.0,0.85,0.2
689,E STATE ST / M.L.K. JR ST,Minor Arterial,2,845.3164548396456,8.19,2.5,21.2,0.0,0.6,1.0,0.7,0.4
690,E SENECA ST,Local Road,1,312.96477421191685,20.44,16.01,50.1,0.0,1.0,1.0,0.25,1.0
691,E SENECA ST,Minor Arterial,2,316.90885896975414,1.61,0.88,2.8,0.0,0.6,0.0,0.7,0.2
692,E SENECA ST,Minor Arterial,3,72.45474989593205,2.78,1.65,1.2,0.0,0.6,0.0,0.7,0.2
693,W STATE ST/ M. L. K. JR ST,Collector,2,464.30796327939476,2.49,1.29,6.0,0.0,0.6,0.0,0.5,0.2
694,W GREEN ST,Minor Arterial,2,264.67321833731097,1.8,1.07,2.8,0.0,0.6,0.0,0.7,0.2
695,W GREEN ST,Minor Arterial,2,265.12522269472873,0.84,0.7,1.9,0.0,0.6,0.0,0.7,0.2
696,W GREEN ST,Minor Arterial,2,331.1362248279655,1.15,0.6,2.0,0.0,0.6,0.0,0.7,0.2
697,W STATE ST/ M. L. K. JR ST,Collector,2,593.3515557725233,1.47,0.67,4.0,0.0,0.6,0.0,0.5,0.2
698,W STATE ST/ M. L. K. JR ST,Collector,2,266.3241696533494,3.77,0.75,2.0,0.0,0.6,0.0,0.5,0.2
699,W SENECA ST,Minor Arterial,2,264.36091700345685,1.87,1.08,2.8,0.0,0.6,0.0,0.7,0.2
700,W SENECA ST,Minor Arterial,2,595.1831031115798,1.83,0.67,4.0,0.0,0.6,0.0,0.7,0.2
701,W SENECA ST,Minor Arterial,2,596.8827559118467,1.5,0.67,4.0,0.0,0.6,0.0,0.7,0.2
702,W SENECA ST,Minor Arterial,2,597.0609647331862,1.27,0.67,4.0,0.0,0.6,0.0,0.7,0.2
703,W SENECA ST,Minor Arterial,1,166.17203600333892,4.4,0.07,0.1,0.0,0.6,0.0,0.7,0.2
704,W STATE ST/ M. L. K. JR ST,Collector,2,599.6527072273713,1.15,0.47,2.8,0.0,0.6,0.0,0.5,0.2
705,W GREEN ST,Minor Arterial,2,597.9144888761468,1.57,0.83,5.0,0.0,0.6,0.0,0.7,0.2
706,W STATE ST/ M. L. K. JR ST,Minor Arterial,3,313.54919486348183,5.46,0.35,1.1,0.0,0.6,0.0,0.7,0.4
707,W STATE ST/ M. L. K. JR ST,Collector,2,593.2036124559387,1.17,0.62,3.7,0.0,0.6,0.0,0.5,0.2
708,W GREEN ST,Minor Arterial,2,596.7392024988851,1.18,0.49,2.9,0.0,0.6,0.0,0.7,0.2
709,EDDY ST,Local Road,2,72.33590301236075,8.4,5.58,4.0,0.0,1.0,1.0,0.25,0.4
710,EDDY ST,Minor Arterial,2,179.9962614825319,17.87,7.53,13.5,0.0,1.0,1.0,0.7,0.8
711,EDDY ST,Collector,2,334.8930524450775,9.52,8.05,27.0,0.0,1.0,1.0,0.5,0.4
712,MITCHELL ST,Minor Arterial,2,336.03217300258007,179.58,0.0,0.0,0.0,1.0,1.0,0.7,1.0
713,MITCHELL ST,Minor Arterial,2,300.1094652956232,15.12,10.8,32.4,0.0,1.0,1.0,0.7,0.8
714,MITCHELL ST,Minor Arterial,2,203.55301153998002,12.82,8.7,17.7,0.0,1.0,1.0,0.7,0.6
715,MITCHELL ST,Collector,2,318.82528121823935,14.49,6.39,20.4,0.0,1.0,1.0,0.5,0.6
716,MITCHELL ST,Collector,2,310.24981938517755,11.47,6.45,20.0,0.0,1.0,1.0,0.5,0.6
717,ITHACA RD,Minor Arterial,2,362.89530715276624,12.45,8.16,29.6,0.0,1.0,1.0,0.7,0.6
718,DRYDEN RD,Minor Arterial,2,277.59201994268886,8.16,5.77,16.0,0.0,1.0,1.0,0.7,0.4
719,DRYDEN RD,Minor Arterial,2,467.9467070133372,15.46,5.63,26.3,0.0,1.0,1.0,0.7,0.8
720,DRYDEN RD,Minor Arterial,2,436.7866105056877,11.2,5.93,25.9,0.0,1.0,1.0,0.7,0.6
721,COLLEGE AVE,Minor Arterial,2,248.89588059864738,14.13,6.44,16.0,0.0,1.0,1.0,0.7,0.6
722,COLLEGE AVE,Minor Arterial,2,727.4170059733133,15.66,6.5,47.3,0.0,1.0,1.0,0.7,0.8
723,EDDY ST,Collector,2,436.82798376156813,8.75,5.77,25.2,0.0,1.0,1.0,0.5,0.4
724,E BUFFALO ST,Minor Arterial,2,314.50694212326783,18.04,13.98,44.0,0.0,1.0,1.0,0.7,0.8
725,W BUFFALO ST,Minor Arterial,4,241.6659760054746,3.44,0.67,1.6,0.0,0.6,0.0,0.7,0.2
726,FLORAL AVE,Minor Arterial,2,3546.510927543669,2.32,0.03,1.0,0.0,0.6,0.0,0.7,0.2
727,W CLINTON ST,Minor Arterial,2,507.6879096172557,0.88,0.14,0.7,0.0,0.6,0.0,0.7,0.2
728,W CLINTON ST,Minor Arterial,2,595.8668019750858,1.22,0.4,2.4,0.0,0.6,0.0,0.7,0.2
729,W CLINTON ST,Minor Arterial,2,333.8735041188405,1.56,0.95,3.2,0.0,0.6,0.0,0.7,0.2
730,W CLINTON ST,Minor Arterial,2,262.15648179802133,1.09,0.82,2.1,0.0,0.6,0.0,0.7,0.2
731,W CLINTON ST,Minor Arterial,2,265.23171956581746,1.95,0.98,2.6,0.0,0.6,0.0,0.7,0.2
732,N CAYUGA ST,Minor Arterial,2,463.50247926633887,2.9,0.7,3.2,0.0,0.6,0.0,0.7,0.2
733,N CAYUGA ST,Minor Arterial,2,418.6918953878888,1.15,0.48,2.0,0.0,0.6,0.0,0.7,0.2
734,N CAYUGA ST,Minor Arterial,2,416.0908037184187,1.2,0.48,2.0,0.0,0.6,0.0,0.7,0.2
735,N CAYUGA ST,Minor Arterial,2,420.47876353226684,0.2,0.08,0.3,0.0,0.6,0.0,0.7,0.2
736,N TIOGA ST,Collector,2,467.31068750159596,1.31,0.75,3.5,0.0,0.6,0.0,0.5,0.2
737,N CAYUGA ST,Minor Arterial,2,732.052273410859,1.97,0.6,4.4,0.0,0.6,0.0,0.7,0.2
738,N CAYUGA ST,Minor Arterial,2,325.6549611885521,4.83,0.61,2.0,0.0,0.6,0.0,0.7,0.2
739,E COURT ST,Minor Arterial,2,316.6078901853821,7.0,2.92,9.3,0.0,0.6,1.0,0.7,0.4
740,E COURT ST,Minor Arterial,2,594.6592371520082,3.62,0.5,3.0,0.0,0.6,0.0,0.7,0.2
741,W COURT ST,Minor Arterial,2,466.81908590606974,1.88,0.57,2.7,0.0,0.6,0.0,0.7,0.2
742,W COURT ST,Minor Arterial,2,465.1052992466606,1.27,0.66,3.1,0.0,0.6,0.0,0.7,0.2
743,W COURT ST,Minor Arterial,2,265.0316927394715,1.24,0.75,2.0,0.0,0.6,0.0,0.7,0.2
744,W COURT ST,Minor Arterial,2,464.12739527581834,0.2,0.13,0.6,0.0,0.6,0.0,0.7,0.2
745,STEWART AVE,Collector,2,486.8651113104297,12.29,7.21,35.1,0.0,1.0,1.0,0.5,0.6
746,STEWART AVE,Collector,2,316.55195284993215,20.74,0.47,1.5,0.0,1.0,1.0,0.5,1.0
747,STEWART AVE,Collector,2,253.6618829363512,21.89,4.97,12.6,0.0,1.0,1.0,0.5,1.0
748,STEWART AVE,Collector,2,509.4482821230889,13.66,6.24,31.8,0.0,0.6,1.0,0.5,0.6
749,HUDSON ST,Collector,2,336.9587291825038,9.91,8.24,27.8,0.0,0.6,0.0,0.5,0.4
750,HUDSON ST,Collector,2,323.91204440044487,9.54,6.38,20.7,0.0,0.6,0.0,0.5,0.4
751,ELMWOOD AVE,Local Road,2,484.89186866932084,9.67,2.4,11.7,0.0,1.0,1.0,0.25,0.4
752,MILLER ST,Local Road,2,307.1561840003876,9.0,5.71,17.5,0.0,1.0,1.0,0.25,0.4
753,PEARL ST,Local Road,2,343.00163617776514,6.17,0.95,3.3,0.0,1.0,1.0,0.25,0.4
754,MITCHELL ST,Collector,2,209.26897085450955,4.58,2.54,5.3,0.0,1.0,1.0,0.5,0.2
755,E STATE ST / M.L.K. JR ST,Minor Arterial,2,566.2079279215893,9.97,2.17,12.3,0.0,0.6,1.0,0.7,0.4
756,EASTWOOD AVE,Local Road,2,367.57467162276834,8.65,4.05,14.9,0.0,0.6,1.0,0.25,0.4
757,CORNELL ST,Collector,2,329.93263771319795,16.52,11.88,39.2,0.0,0.6,1.0,0.5,0.8
758,CORNELL ST,Collector,2,254.70947357677233,18.34,10.05,25.6,0.0,0.6,1.0,0.5,0.8
759,EASTWOOD AVE,Local Road,2,441.6040538832935,5.91,2.59,11.5,0.0,0.6,1.0,0.25,0.4
760,GILES ST,Collector,2,786.3340257508281,13.77,10.3,81.0,0.0,0.6,1.0,0.5,0.6
761,GILES ST,Collector,2,346.05367462336085,14.26,3.48,12.0,0.0,0.6,1.0,0.5,0.6
762,GILES ST,Collector,2,1094.9138987574051,17.19,8.57,93.8,0.0,0.6,1.0,0.5,0.8
763,FERRIS PL,Local Road,2,171.2856094761069,28.27,12.31,21.1,0.0,0.6,1.0,0.25,1.0
764,LINN ST,Local Road,2,420.52737156910155,3.06,1.55,6.5,0.0,0.6,1.0,0.25,0.2
765,LINN ST,Local Road,2,412.97562245402935,3.35,0.61,2.5,0.0,0.6,1.0,0.25,0.2
766,LINN ST,Local Road,2,415.58208561732727,2.74,0.48,2.0,0.0,0.6,1.0,0.25,0.2
767,LINDEN AVE,Local Road,1,611.8318129280118,11.57,4.64,28.4,0.0,1.0,1.0,0.25,0.6
768,LINN ST,Local Road,2,185.8473979005665,5.87,3.76,7.0,0.0,0.6,1.0,0.25,0.4
769,DEY ST,Collector,2,337.0511010762989,0.0,0.0,0.0,0.0,0.6,0.0,0.5,0.2
770,SPENCER RD,Collector,2,1855.3503810691966,9.3,0.48,8.9,0.0,0.6,0.0,0.5,0.4
771,S PLAIN ST,Minor Arterial,2,415.2025368630526,1.6,0.48,2.0,0.0,0.6,0.0,0.7,0.2
772,S PLAIN ST,Minor Arterial,2,359.2686025223066,0.0,0.0,0.0,0.0,0.6,0.0,0.7,0.2
773,S PLAIN ST,Minor Arterial,2,409.63917529869997,0.0,0.0,0.0,0.0,0.6,0.0,0.7,0.2
774,S MEADOW ST,Principal Arterial,3,410.5502086771777,0.0,0.0,0.0,1.0,0.6,0.0,0.85,0.2
775,S MEADOW ST,Principal Arterial,3,810.8315301240024,2.76,0.25,2.0,1.0,0.6,0.0,0.85,0.2
776,S MEADOW ST,Principal Arterial,3,216.75343945700482,4.68,0.39,0.8,1.0,0.6,0.0,0.85,0.2
777,CLIFF PARK RD,Local Road,2,292.80457696522905,12.84,9.53,27.9,0.0,0.0,0.0,0.25,0.6
778,COBB ST,Local Road,2,342.8415904162466,5.47,0.06,0.2,0.0,1.0,1.0,0.25,0.4
779,CORNELL ST,Collector,2,348.683145296499,3.74,2.2,7.7,0.0,1.0,1.0,0.5,0.2
780,CORNELL ST,Collector,2,381.54568110840023,6.27,3.56,13.6,0.0,1.0,1.0,0.5,0.4
781,CORNELL ST,Collector,2,643.493516154298,6.48,2.92,18.8,0.0,1.0,1.0,0.5,0.4
782,RIDGEDALE RD,Local Road,2,314.93492372515595,16.4,11.93,37.6,0.0,1.0,1.0,0.25,0.8
783,E GREEN ST,Minor Arterial,2,418.99674793095704,20.45,0.64,2.7,0.0,0.6,0.0,0.7,1.0
784,E CLINTON ST,Minor Arterial,2,178.08973711088225,5.26,1.47,2.6,0.0,0.6,0.0,0.7,0.4
785,E CLINTON ST,Minor Arterial,2,121.0243796514736,58.6,2.77,3.4,0.0,0.6,0.0,0.7,1.0
786,STEWART AVE,Collector,2,529.3807926491326,10.59,3.16,16.7,0.0,1.0,1.0,0.5,0.6
787,OSMUN PL,Local Road,2,193.69614317576512,20.47,14.07,27.3,0.0,1.0,1.0,0.25,1.0
788,CENTER ST,Local Road,2,263.8044229875004,2.26,0.77,2.0,0.0,0.6,0.0,0.25,0.2
789,FAIR ST,Local Road,2,172.42667633443043,3.6,0.85,1.5,0.0,0.6,0.0,0.25,0.2
790,STEWART AVE,Collector,2,339.32532473579727,347.53,3.98,13.5,0.0,1.0,1.0,0.5,1.0
791,ELM ST,Local Road,2,109.9907449257166,23.9,8.11,8.9,0.0,0.6,0.0,0.25,1.0
792,SECOND ST,Local Road,2,226.72185842388254,1.06,0.7,1.6,0.0,0.6,0.0,0.25,0.2
793,CLIFF ST,Minor Arterial,2,344.951263038614,15.08,4.49,15.5,0.0,0.6,0.0,0.7,0.8
794,CHESTNUT ST,Local Road,2,162.00696073742114,9.14,0.58,0.9,0.0,0.6,0.0,0.25,0.4
795,KLINE RD,Local Road,2,1163.281805806196,21.45,15.21,176.9,0.0,0.6,1.0,0.25,1.0
796,FRANKLIN ST,Local Road,2,283.410735445635,0.0,0.0,0.0,0.0,0.6,0.0,0.25,0.2
797,S CAYUGA ST,Collector,2,136.29116219560632,14.95,5.83,7.9,0.0,0.6,0.0,0.5,0.6
798,S CAYUGA ST,Local Road,2,398.5673425538778,22.47,16.98,67.7,0.0,0.6,0.0,0.25,1.0
799,W STATE ST/ M. L. K. JR ST,Minor Arterial,3,340.01633486417506,2.7,0.59,2.0,0.0,0.6,0.0,0.7,0.2
800,S AURORA ST,Minor Arterial,2,1376.671629859631,11.39,7.3,100.5,0.0,0.6,0.0,0.7,0.6
801,S AURORA ST,Minor Arterial,2,199.21702530115166,12.06,7.85,15.6,0.0,0.6,0.0,0.7,0.6
802,CAMPUS RD,NA,2,317.9676649658253,12.0,8.77,27.9,0.0,1.0,1.0,0.25,0.6
803,W SENECA ST,Minor Arterial,2,240.99065030890915,2.84,0.49,1.2,0.0,0.6,0.0,0.7,0.2
804,SOUTHWEST PARK RD,Local Road,2,1180.9037343423888,4.03,0.33,3.9,0.0,0.6,0.0,0.25,0.2
805,TURTLE LA,NA,0,1692.1506375506845,1.7,0.15,2.6,0.0,0.6,0.0,0.25,0.2
806,ELMIRA RD,Principal Arterial,4,893.256243780265,0.0,0.0,0.0,1.0,0.6,0.0,0.85,0.2
807,DRYDEN RD EB LANE,Minor Arterial,1,287.6031586092128,7.68,0.02,0.1,0.0,1.0,1.0,0.7,0.4
808,N CAYUGA ST,Minor Arterial,2,499.46676299047226,5.1,0.2,1.0,0.0,0.6,0.0,0.7,0.4
809,W STATE ST/ M. L. K. JR ST BRIDGE,Minor Arterial,4,245.17618429983327,40.04,3.15,7.7,0.0,0.6,0.0,0.7,1.0
810,W STATE ST/ M. L. K. JR ST,Minor Arterial,4,145.1341678898697,6.65,0.62,0.9,0.0,0.6,0.0,0.7,0.4
811,STEWART AVE,Collector,2,159.5913540999557,233.8,5.62,9.0,0.0,1.0,1.0,0.5,1.0
812,CAMPUS RD NB LANE,NA,2,125.64950164495006,10.09,7.54,9.5,0.0,1.0,1.0,0.25,0.6
813,LINN ST,Local Road,2,73.5407492652557,3.78,2.15,1.6,0.0,0.6,1.0,0.25,0.2
814,N AURORA ST,Local Road,2,54.27590369217431,1.22,0.79,0.4,0.0,0.6,1.0,0.25,0.2
815,S AURORA ST EB LANE,Local Road,1,137.90118754825778,3.84,0.84,1.2,0.0,0.6,0.0,0.25,0.2
816,S AURORA ST WB LANE,Local Road,1,138.2851887231384,24.27,6.04,8.4,0.0,0.6,0.0,0.25,1.0
817,TAUGHANNOCK BLVD,Collector,2,526.6707677047159,6.52,1.36,7.2,0.0,0.6,0.0,0.5,0.4
818,COTTAGE PL,Local Road,2,249.40218538487602,14.78,8.92,22.2,0.0,0.6,1.0,0.25,0.6
819,OAK AVE EB LANE,NA,1,19.133385060207686,3.51,3.16,0.6,0.0,1.0,1.0,0.25,0.2
820,SOUTHWEST PARK RD,Local Road,2,386.81095315563186,1.42,0.4,1.6,0.0,0.6,0.0,0.25,0.2
821,UNIVERSITY AVE EB LANE,Minor Arterial,1,87.88513581909822,12.48,9.31,8.2,0.0,1.0,1.0,0.7,0.6
822,N MEADOW ST SB,Principal Arterial,2,110.29622624841573,1.5,0.08,0.1,1.0,0.6,0.0,0.85,0.2
823,N MEADOW ST NB,Principal Arterial,2,117.09109603391437,4.27,0.31,0.4,1.0,0.6,0.0,0.85,0.2
824,NYS RTE 13 N,Principal Arterial,2,155.09623703151533,47.35,2.8,4.3,1.0,0.6,0.0,0.85,1.0
825,NYS RTE 13 S,Principal Arterial,2,150.37700208627868,28.34,3.47,5.2,1.0,0.6,0.0,0.85,1.0
826,ORCHARD PL,,2,208.13528748896175,11.97,8.49,17.7,0.0,1.0,1.0,0.25,0.6
827,ELSTON PL,,2,261.7845937785911,16.28,7.03,18.4,0.0,0.6,1.0,0.25,0.8
828,DEWITT PL,,2,369.24415665827064,15.79,5.08,18.8,0.0,0.6,1.0,0.25,0.8
829,WILLETS PL,,2,303.644391174126,5.15,0.63,1.9,0.0,0.6,1.0,0.25,0.4
830,FOUNTAIN PL,,0,320.45178972461554,7.09,2.49,8.0,0.0,0.6,1.0,0.25,0.4
831,SPRING LN,,0,191.0481187674612,17.58,6.08,11.6,0.0,0.6,1.0,0.25,0.8
832,GLEN PL,,1,331.99890481457567,13.35,3.58,11.9,0.0,0.6,1.0,0.25,0.6
833,EDGEWOOD PL,,0,208.5463673112797,9.76,3.74,7.8,0.0,1.0,1.0,0.25,0.4
834,EDGECLIFF PL,,0,118.84509661156378,6.47,0.78,0.9,0.0,1.0,1.0,0.25,0.4
835,EDGECLIFF PL,,2,216.3344065807508,28.22,14.75,31.9,0.0,1.0,1.0,0.25,1.0
836,EDGECLIFF PL,,2,220.17641388894606,24.9,7.1,15.6,0.0,1.0,1.0,0.25,1.0
837,WESTBOURNE LN,,2,462.69850450492555,22.54,3.59,16.6,0.0,1.0,1.0,0.25,1.0
838,LODGE WAY,,2,424.20114349498834,7.15,2.53,10.7,0.0,1.0,1.0,0.25,0.4
839,GOTHICS WAY,,0,1103.0439662710005,7.49,2.21,24.4,0.0,1.0,1.0,0.25,0.4
840,WOODLAND PL,,1,217.6830156645329,13.79,0.94,2.1,0.0,0.6,0.0,0.25,0.6
841,CHESTNUT HILL APT DRIVEWAY,,0,1290.743080529232,17.68,6.32,81.6,0.0,0.6,0.0,0.25,0.8
842,JAKE ST,,1,1308.1615032526195,1.38,0.03,0.4,0.0,0.6,0.0,0.25,0.2
843,JAKE ST,,1,1018.9605016007201,0.76,0.05,0.5,0.0,0.6,0.0,0.25,0.2
844,REUBEN ST,,1,1089.7399314961697,1.78,0.0,0.0,0.0,0.6,0.0,0.25,0.2
845,REUBEN ST,,1,1012.4415194889141,0.77,0.0,0.0,0.0,0.6,0.0,0.25,0.2
846,GUSSIE ST,,1,1389.4699463724232,1.4,0.0,0.0,0.0,0.6,0.0,0.25,0.2
847,GUSSIE ST,,1,531.0860832890119,2.39,0.0,0.0,0.0,0.6,0.0,0.25,0.2
848,MARY ST,,1,2342.4620901278736,1.23,0.0,0.0,0.0,0.6,0.0,0.25,0.2
849,MARY ST,,2,200.1740294176288,1.75,0.52,1.0,0.0,0.6,0.0,0.25,0.2
850,MARY ST,,1,292.2776762887614,1.48,0.26,0.8,0.0,0.6,0.0,0.25,0.2
851,MARY ST,,1,269.97787017414237,1.56,0.28,0.8,0.0,0.6,0.0,0.25,0.2
852,CHARLES ST,,0,443.24190957447115,15.18,2.61,11.6,0.0,0.6,1.0,0.25,0.8
853,JAMES ST,,2,399.999227260629,8.03,3.2,12.8,0.0,0.6,1.0,0.25,0.4
854,DRYDEN CT,,0,152.59424331701427,6.39,3.89,5.9,0.0,1.0,1.0,0.25,0.4
855,FAIRVIEW SQ,,0,443.4248368618877,7.5,1.23,5.5,0.0,1.0,1.0,0.25,0.4
856,RISLEY DR,,0,360.0795820545738,5.96,0.41,1.5,0.0,1.0,1.0,0.25,0.4
857,WEGMANS DRIVEWAY,,0,478.8971443744956,3.24,0.0,0.0,0.0,0.6,0.0,0.25,0.2
858,WEGMANS DRIVEWAY,,0,960.0632225315271,0.0,0.0,0.0,0.0,0.6,0.0,0.25,0.2
859,WEGMANS DRIVEWAY,,0,311.90164013106937,0.0,0.0,0.0,0.0,0.6,0.0,0.25,0.2
860,SUMMIT AVE,,2,129.50685000988827,19.05,6.0,7.8,0.0,1.0,1.0,0.25,0.8
861,KLINE RD SB LANE,Local Road,2,96.70257684761836,19.15,13.2,12.8,0.0,0.6,1.0,0.25,0.8
862,HALLER BLVD,Local Road,2,656.7765692205506,9.63,4.52,29.7,0.0,0.0,0.0,0.25,0.4
863,KLINE RD NB LANE,Local Road,1,92.42224865322244,27.9,15.1,14.0,0.0,0.6,1.0,0.25,1.0
864,STEWART PARK RD,NA,1,388.922217183627,1.25,0.34,1.3,0.0,0.6,0.0,0.25,0.2
865,CAMPUS RD SB LANE,NA,2,143.14894940008298,9.31,7.48,10.7,0.0,1.0,1.0,0.25,0.4
866,GARDEN AVE,NA,0,618.7719971137735,9.84,1.67,10.4,0.0,1.0,1.0,0.25,0.4
867,Elm Dr CITY CEMETARY,NA,0,1152.4858827938574,17.09,2.08,24.0,0.0,1.0,1.0,0.25,0.8
868,Oak Dr -CITY CEMETARY,NA,0,476.6756886377343,16.26,9.71,46.3,0.0,1.0,1.0,0.25,0.8
