partition_set_id,partition_id,method,start_node,uniform_benefit,gaussian_benefit,change_pct
0,0,greedy,231,159.07668660385687,222.2803858314978,39.73159145880056
0,0,greedy,645,164.9878668829218,230.94336394065715,39.97596811439384
0,0,greedy,277,158.14691492065276,223.78300283686477,41.503236373054555
0,0,greedy,402,164.76393039692584,229.27883430174612,39.15596317070134
0,0,greedy,237,168.4460189345527,236.27233582266402,40.265906738029976
0,0,greedy,233,168.17605086357622,234.1607975973333,39.23551920438639
0,0,greedy,245,166.21514145584365,232.7894711170459,40.05310772417701
0,0,greedy,265,164.93811849597842,231.65938427991503,40.452301985949624
0,0,greedy,541,134.06708669048086,189.53150990492225,41.37064851904439
0,0,greedy,645,168.19018895902332,235.9198748805931,40.26970083140283
0,0,greedy,402,154.65940119067696,213.27532529350268,37.9000071457403
0,0,greedy,676,162.8803696837746,227.7816761999087,39.84599656922271
0,0,random_walk_bias_0.5,645,141.45730058761097,192.46107731005702,36.05595222768802
0,0,random_walk_bias_0.5,273,141.99445426945397,194.18463132224053,36.75508126095442
0,0,random_walk_bias_0.5,232,152.06788725769616,209.35536505848998,37.67230467515718
0,0,random_walk_bias_0.5,689,149.55958745522054,209.4437726345942,40.04035194153202
0,0,random_walk_bias_0.5,402,154.2530451012563,215.99966143605192,40.029431052244895
0,0,random_walk_bias_0.5,224,150.5118968987852,207.6112547034672,37.93677375754531
0,0,random_walk_bias_0.5,240,160.4596936304738,224.7035642781054,40.03738832730184
0,0,random_walk_bias_0.5,257,161.87849487278217,224.69783146819447,38.80647435274281
0,0,random_walk_bias_0.5,240,157.71449727258693,218.46720207448303,38.5206850685982
0,0,random_walk_bias_0.5,235,153.8647390310921,217.60095967847087,41.42353930389425
0,0,random_walk_bias_0.5,281,164.1153290887211,228.81441887210605,39.422941258831756
0,0,random_walk_bias_0.5,269,138.59880646900595,187.27319745407263,35.11891063502877
0,0,random_walk_bias_1.0,248,158.12520579228737,219.68471466214922,38.93086403361028
0,0,random_walk_bias_1.0,280,162.0867892577949,225.64796025986263,39.214282233066704
0,0,random_walk_bias_1.0,265,160.25792416957128,222.53549723745067,38.86083848308341
0,0,random_walk_bias_1.0,266,156.15762013580084,213.61131470571374,36.79211716978582
0,0,random_walk_bias_1.0,752,158.34748493408648,220.57843418032854,39.300244820526345
0,0,random_walk_bias_1.0,224,138.8939151782486,188.24508232036465,35.53155448082917
0,0,random_walk_bias_1.0,240,166.79642212963455,232.2897205672074,39.26540965409397
0,0,random_walk_bias_1.0,236,157.6504775709614,217.51352419271998,37.972004616867146
0,0,random_walk_bias_1.0,689,152.3224745722188,210.7137093825712,38.33395890812428
0,0,random_walk_bias_1.0,753,153.7869716341384,211.35163502930115,37.43143049341654
0,0,random_walk_bias_1.0,539,149.93184091996903,206.89674902297998,37.99386958332474
0,0,random_walk_bias_1.0,404,142.98882288410783,195.524864555726,36.74136244495035
0,0,random_walk_bias_2.0,241,147.8724607889479,203.2930175751177,37.47861940653655
0,0,random_walk_bias_2.0,230,152.2697490224128,209.1990491179714,37.38713727516494
0,0,random_walk_bias_2.0,243,149.76652854023197,205.30214897533295,37.08146337930399
0,0,random_walk_bias_2.0,222,159.65897940015049,221.9951703938055,39.0433355066256
0,0,random_walk_bias_2.0,235,142.90298636939912,196.2038094114285,37.29860683544335
0,0,random_walk_bias_2.0,646,147.8646024021686,200.54751734837657,35.629159440687964
0,0,random_walk_bias_2.0,659,155.16205252156323,214.47641789844084,38.22736578496509
0,0,random_walk_bias_2.0,278,157.67329092755648,221.14698551786643,40.256465896607146
0,0,random_walk_bias_2.0,265,126.18028796233618,168.09494774094915,33.21807269224506
0,0,random_walk_bias_2.0,659,149.19623619563976,205.0289627894106,37.42234255866741
0,0,random_walk_bias_2.0,266,109.91624064073751,140.2200198537202,27.56988324594446
0,0,random_walk_bias_2.0,277,158.96832797896047,218.96134231879543,37.738972978174026
0,1,greedy,686,303.87729363730983,538.7342220453672,77.28676453475623
0,1,greedy,217,301.6289576478576,535.3332247285261,77.48071302673499
0,1,greedy,634,301.23509577687014,533.9558090647525,77.25551124370399
0,1,greedy,212,298.01728613580883,529.3185546549616,77.6133732100852
0,1,greedy,204,304.78165933459985,540.578697403485,77.36588828332972
0,1,greedy,221,302.4368503446901,535.8696230683358,77.18397161509924
0,1,greedy,287,302.1806547812706,535.8963114430655,77.34302410290522
0,1,greedy,216,300.40424796680077,532.7153293769657,77.33282168361308
0,1,greedy,435,298.0259973662518,528.8836370372744,77.46224883439137
0,1,greedy,227,303.32518018826767,538.1232530100069,77.40803868508542
0,1,greedy,201,304.0461413766528,538.9546851868151,77.26082059339711
0,1,greedy,637,292.5099948889566,517.6659408671504,76.97376155083798
0,1,random_walk_bias_0.5,207,301.61731426620963,535.1465817057581,77.42568360430191
0,1,random_walk_bias_0.5,185,299.7202110921125,530.9400233842423,77.14521868565927
0,1,random_walk_bias_0.5,204,297.88152903456444,527.9848931297618,77.24660365513884
0,1,random_walk_bias_0.5,148,298.58600988012955,530.0099516549687,77.50662593593944
0,1,random_walk_bias_0.5,207,293.5567733748118,521.5376871522564,77.66160908382776
0,1,random_walk_bias_0.5,200,295.6054573686531,525.8049934629555,77.87391279695414
0,1,random_walk_bias_0.5,200,299.95675972924124,532.5330508667622,77.5366060586393
0,1,random_walk_bias_0.5,200,302.659905049578,536.5241337192672,77.26964317635017
0,1,random_walk_bias_0.5,215,302.97279463091786,536.9152225724899,77.21565503152232
0,1,random_walk_bias_0.5,287,296.9820099306128,526.3428478034544,77.23054939470234
0,1,random_walk_bias_0.5,528,300.44433010564757,531.9407184020635,77.05134199570783
0,1,random_walk_bias_0.5,209,296.6682793914626,525.6427544721911,77.1819877576429
0,1,random_walk_bias_1.0,401,297.5569718655197,527.0337691792854,77.12028922564694
0,1,random_walk_bias_1.0,204,301.9931541045834,535.5968975050208,77.35398641504898
0,1,random_walk_bias_1.0,184,298.7875646402338,529.849816973541,77.33328949333156
0,1,random_walk_bias_1.0,205,301.38479261049014,533.6447192029585,77.06424885632542
0,1,random_walk_bias_1.0,415,300.3877307030242,531.4416864712219,76.91857294818318
0,1,random_walk_bias_1.0,401,299.26998222095744,530.6320801797041,77.30882203478966
0,1,random_walk_bias_1.0,211,294.5506260451518,523.403684039056,77.69566171583124
0,1,random_walk_bias_1.0,221,297.4679596112309,527.2771012752734,77.25509058669255
0,1,random_walk_bias_1.0,213,300.91460971780566,532.4803496551923,76.95397048170788
0,1,random_walk_bias_1.0,62,297.22216751262715,525.8104679132751,76.9082273753813
0,1,random_walk_bias_1.0,219,297.39370198677403,527.4896526313827,77.37082161035195
0,1,random_walk_bias_1.0,209,299.2013237446978,530.2569540254698,77.22413369999892
0,1,random_walk_bias_2.0,419,294.7573819401489,521.6838162171728,76.98753218099276
0,1,random_walk_bias_2.0,228,291.4999237531239,516.354132720334,77.13697007949916
0,1,random_walk_bias_2.0,221,289.94485675028204,513.522739175715,77.11048401799782
0,1,random_walk_bias_2.0,287,297.9174264365555,527.3145022501744,77.00022068446248
0,1,random_walk_bias_2.0,147,297.9156767143001,527.9894542932589,77.22781832645838
0,1,random_walk_bias_2.0,542,296.8421047927982,526.412074865946,77.33740138832135
0,1,random_walk_bias_2.0,210,296.6174493146053,524.7360993746518,76.9066858969898
0,1,random_walk_bias_2.0,423,291.33953484224526,515.9242348952514,77.08692889024293
0,1,random_walk_bias_2.0,418,291.07538091981917,515.7248939405604,77.17915280599567
0,1,random_walk_bias_2.0,459,291.77147556546356,515.8042036117814,76.78362924687357
0,1,random_walk_bias_2.0,528,294.9155077559925,521.6805097844899,76.89151504915722
0,1,random_walk_bias_2.0,637,275.28675207545933,489.98776171660916,77.99176968105525
0,2,greedy,308,136.49892979974842,147.5079914385389,8.06530985623213
0,2,greedy,318,137.91724817963345,149.9506251836704,8.725070404800869
0,2,greedy,410,128.40323920169354,140.08669420466515,9.099034475773191
0,2,greedy,12,137.29560323430147,147.59510426252098,7.501697640413816
0,2,greedy,309,137.0828817381945,148.11355870512105,8.046720952360282
0,2,greedy,294,133.53263277650458,145.20079973731228,8.738064035880178
0,2,greedy,0,130.33311858556152,141.58128870641121,8.63032377566064
0,2,greedy,301,127.06784858451522,138.1294918746895,8.70530461749101
0,2,greedy,321,137.95847901516248,148.77123584329206,7.837689212956016
0,2,greedy,315,118.77097957164474,127.15654275771598,7.060279553401274
0,2,greedy,295,138.3783825120681,149.06584359778927,7.723360319513133
0,2,greedy,307,137.8411557756868,148.5304723304079,7.754807694819507
0,2,random_walk_bias_0.5,314,106.95589104872839,116.85104572149422,9.251621931004866
0,2,random_walk_bias_0.5,295,125.35161804662081,133.3858725741438,6.4093744083422095
0,2,random_walk_bias_0.5,317,122.4486082535503,134.729546326708,10.029463175055419
0,2,random_walk_bias_0.5,677,126.87117370824997,136.94703326356037,7.941803690159449
0,2,random_walk_bias_0.5,309,130.0038318414123,139.5046177176311,7.308081417022012
0,2,random_walk_bias_0.5,305,125.71827703693279,137.14217662933737,9.086904356037694
0,2,random_walk_bias_0.5,649,128.65545459850173,138.06152834928614,7.311057102194515
0,2,random_walk_bias_0.5,316,127.926985471479,138.20544297231004,8.034628083316006
0,2,random_walk_bias_0.5,324,114.80456434757485,127.39932754758622,10.970611901701298
0,2,random_walk_bias_0.5,300,127.74368143866472,136.94058722020827,7.199499558778085
0,2,random_walk_bias_0.5,650,131.12433895571468,139.49628703111085,6.384739966714859
0,2,random_walk_bias_0.5,322,135.5044390438267,146.17559088741146,7.875130821458446
0,2,random_walk_bias_1.0,299,134.28191635541722,145.70601797950508,8.507550334514557
0,2,random_walk_bias_1.0,649,128.87300983056303,138.24606015392916,7.273090258145933
0,2,random_walk_bias_1.0,300,100.14080166016873,112.49578238170005,12.337609163004679
0,2,random_walk_bias_1.0,0,100.28243863267508,108.33201907414491,8.02690934845997
0,2,random_walk_bias_1.0,315,132.02764330722144,142.4655436224061,7.905844604751608
0,2,random_walk_bias_1.0,300,129.01039078554317,139.08222216748806,7.806992383030231
0,2,random_walk_bias_1.0,648,123.42280737853677,134.89015491968664,9.29110898116229
0,2,random_walk_bias_1.0,677,126.48020240474102,135.86790989387384,7.42227424580792
0,2,random_walk_bias_1.0,2,126.1621308130039,133.8543802311583,6.097114378605233
0,2,random_walk_bias_1.0,579,134.24923619235565,145.33962723247893,8.261045913313572
0,2,random_walk_bias_1.0,299,134.38002621477122,147.03446479219306,9.416904382201148
0,2,random_walk_bias_1.0,680,130.28762032356062,140.42596480550768,7.781510213149305
0,2,random_walk_bias_2.0,313,99.57917063765173,113.74072794740967,14.22140515840301
0,2,random_walk_bias_2.0,310,129.7657214579867,142.1076894720776,9.510961658766536
0,2,random_walk_bias_2.0,319,131.3081540015198,142.956502322008,8.871001507151927
0,2,random_walk_bias_2.0,297,124.77667725624332,135.97504594925908,8.974729043328043
0,2,random_walk_bias_2.0,295,120.07795781334025,128.62897152550246,7.121218471632125
0,2,random_walk_bias_2.0,298,131.95020127433057,143.04738881244344,8.410133088801668
0,2,random_walk_bias_2.0,1,116.89053334385522,127.540452043429,9.111018997787495
0,2,random_walk_bias_2.0,729,130.1604841908061,140.3639077735006,7.839110038755703
0,2,random_walk_bias_2.0,529,129.89462143202897,140.91157842568512,8.481457409243912
0,2,random_walk_bias_2.0,317,99.89549721494629,114.4030991741607,14.52277866738902
0,2,random_walk_bias_2.0,12,133.93201180346406,144.5956135793986,7.961951465033333
0,2,random_walk_bias_2.0,617,128.94088276964155,137.26117593599167,6.4527968070566795
0,3,greedy,610,62.59523017343401,86.06384246710647,37.49265276067752
0,3,greedy,461,61.49912888384178,84.48751266283956,37.38001528837546
0,3,greedy,293,62.99220911885175,86.7703610317379,37.7477663436478
0,3,greedy,600,64.1689784338396,88.5366707266513,37.97425623338482
0,3,greedy,604,63.827563242534055,88.74663901300228,39.04124566964888
0,3,greedy,577,64.21592385776661,89.10905561055,38.7647335074082
0,3,greedy,577,64.40674812671449,89.35780859579933,38.73982337999097
0,3,greedy,460,63.24011152366885,87.9078863076942,39.00653270478966
0,3,greedy,605,62.83692671442912,86.98344146076829,38.42726881929834
0,3,greedy,600,63.56201967717336,87.71757489468139,38.00312724515717
0,3,greedy,461,59.73397352101741,83.77387151111574,40.24493361661248
0,3,greedy,611,63.23301385946396,87.98707065292149,39.147361927858896
0,3,random_walk_bias_0.5,577,63.933947479953794,88.21005283271467,37.9706029576424
0,3,random_walk_bias_0.5,577,56.23857251198016,76.08737034899217,35.29392185902965
0,3,random_walk_bias_0.5,609,63.43613930604155,87.76619954763932,38.353626982593845
0,3,random_walk_bias_0.5,460,62.56772791969225,86.318118877477,37.95949085488475
0,3,random_walk_bias_0.5,291,63.58926256471561,87.9436348623267,38.29950421712366
0,3,random_walk_bias_0.5,460,63.870318397855094,88.98602394295,39.322969064670175
0,3,random_walk_bias_0.5,576,63.86567273002047,88.37219189009188,38.371973726273715
0,3,random_walk_bias_0.5,609,63.94228422140402,88.175957498717,37.89929242033709
0,3,random_walk_bias_0.5,604,63.63575583745624,87.62205158830778,37.69311047725959
0,3,random_walk_bias_0.5,608,61.95846688956925,85.19124926537818,37.497348695243744
0,3,random_walk_bias_0.5,412,60.14740654868769,82.41887102811756,37.02813763283663
0,3,random_walk_bias_0.5,575,62.34867590064206,85.83256142654953,37.66541179371804
0,3,random_walk_bias_1.0,461,62.88710938059945,86.89441138842122,38.17523534517549
0,3,random_walk_bias_1.0,460,63.924034444076256,88.03975243380336,37.72558819144099
0,3,random_walk_bias_1.0,292,60.71579303093059,83.56969876379895,37.640792604365465
0,3,random_walk_bias_1.0,604,63.86638039655392,88.37522909470063,38.37519606711444
0,3,random_walk_bias_1.0,578,63.62921404642089,87.96729385947332,38.24985138948362
0,3,random_walk_bias_1.0,575,63.22764542339646,87.45928339293002,38.32443515375159
0,3,random_walk_bias_1.0,293,46.07373538034584,61.181193172354796,32.78973946282963
0,3,random_walk_bias_1.0,574,63.23732773061264,86.96666320511295,37.524253990595405
0,3,random_walk_bias_1.0,291,62.84270687141703,87.49965729638575,39.235977653571645
0,3,random_walk_bias_1.0,690,63.58981772591093,88.22296207148109,38.73756086508312
0,3,random_walk_bias_1.0,290,62.330585626246716,86.50181667735974,38.77908543335551
0,3,random_walk_bias_1.0,576,62.99849534105438,87.29198911521873,38.562022223938655
0,3,random_walk_bias_2.0,610,63.14180365834378,87.07496661463775,37.9038316450299
0,3,random_walk_bias_2.0,293,62.22454096359673,86.87496609817437,39.61527839795379
0,3,random_walk_bias_2.0,293,62.92897326434696,86.97722712190958,38.21491534041507
0,3,random_walk_bias_2.0,610,63.775942504685766,88.10720069183066,38.15115423085628
0,3,random_walk_bias_2.0,461,63.32074307000169,87.32714566957951,37.91238295014717
0,3,random_walk_bias_2.0,577,62.46342545480621,86.3196285746333,38.19227483303428
0,3,random_walk_bias_2.0,290,62.268322332718064,86.45528176628737,38.84312043021045
0,3,random_walk_bias_2.0,290,63.74487895433482,88.10190309154211,38.210166113353246
0,3,random_walk_bias_2.0,600,62.41569275268921,86.48655572704145,38.56540224543952
0,3,random_walk_bias_2.0,575,62.28344985421786,86.20508190843553,38.40768632792375
0,3,random_walk_bias_2.0,412,62.80398425865458,86.43202856228027,37.62188750050466
0,3,random_walk_bias_2.0,289,60.28768477029162,84.81985949869986,40.691850784917065
0,4,greedy,485,688.1829279538013,1026.8405534252397,49.21040783129875
0,4,greedy,687,714.3410840076161,1088.079763765902,52.319359494420624
0,4,greedy,505,708.6923841984134,1068.327784978787,50.74633350083892
0,4,greedy,678,693.991163742259,1029.6250821835627,48.362851859876784
0,4,greedy,673,748.80216819482,1110.8569943105108,48.35119895399302
0,4,greedy,558,725.1223961994784,1079.289406380139,48.84237640940698
0,4,greedy,335,689.8270720190708,1024.2213859849326,48.475092893515374
0,4,greedy,342,737.1708627284817,1119.1860421532751,51.821795833172956
0,4,greedy,503,776.0528284475242,1159.8551840146208,49.45569959907038
0,4,greedy,489,741.7944613156907,1090.750193515462,47.0421053806256
0,4,greedy,678,680.4361466635416,1024.5980654896314,50.57960552414171
0,4,greedy,441,746.4708095758723,1092.992398440746,46.42131807695995
0,4,random_walk_bias_0.5,253,694.7257050340476,1071.2196621417704,54.193180758911375
0,4,random_walk_bias_0.5,223,667.2002375500616,1015.5390170248995,52.209031092963485
0,4,random_walk_bias_0.5,509,707.9307925530758,1064.663039307979,50.39083629465912
0,4,random_walk_bias_0.5,334,514.8942556265706,872.0750035893186,69.36972865003081
0,4,random_walk_bias_0.5,337,635.1461637499226,989.8874242568237,55.85190949001372
0,4,random_walk_bias_0.5,428,714.0715914556885,1063.9244186512024,48.994082859718965
0,4,random_walk_bias_0.5,656,680.6271612813711,1012.581594863619,48.771846389042075
0,4,random_walk_bias_0.5,508,704.9409347135835,1076.9679698240993,52.77421366680457
0,4,random_walk_bias_0.5,261,497.7802431025518,752.2163407668532,51.11414146902631
0,4,random_walk_bias_0.5,65,619.2134965252983,952.6417857660746,53.84706423742395
0,4,random_walk_bias_0.5,521,657.5126846732996,995.0270238736183,51.33198903501314
0,4,random_walk_bias_0.5,56,670.1621648846365,993.8166247480798,48.29494662969493
0,4,random_walk_bias_1.0,673,706.8029693084976,1031.1524829492043,45.889664832341445
0,4,random_walk_bias_1.0,249,719.2535243515092,1080.5976320607513,50.23876776064961
0,4,random_walk_bias_1.0,621,682.6897002156566,1000.6899041895836,46.58048947764601
0,4,random_walk_bias_1.0,485,695.079836562131,1026.0974307025149,47.622960231100755
0,4,random_walk_bias_1.0,67,690.6242868364322,1004.98579694822,45.518455707921156
0,4,random_walk_bias_1.0,255,613.4558652926735,919.1456365177958,49.83076836004834
0,4,random_walk_bias_1.0,335,619.0762553876041,973.0071876542164,57.17081364153046
0,4,random_walk_bias_1.0,558,693.7786796837574,1031.7315626469042,48.711915321063856
0,4,random_walk_bias_1.0,621,688.7795903728219,1048.9819687695756,52.29573922214852
0,4,random_walk_bias_1.0,400,731.4655287961964,1090.0079935523695,49.017000889466594
0,4,random_walk_bias_1.0,335,714.0989565596633,1044.0820263884427,46.20971180500656
0,4,random_walk_bias_1.0,642,687.3129178029722,1043.5457846752997,51.82979362748522
0,4,random_walk_bias_2.0,512,651.2170558755693,1005.1693696054116,54.35243296168727
0,4,random_walk_bias_2.0,479,713.4185606028177,1090.4792113038848,52.85265502238432
0,4,random_walk_bias_2.0,433,710.0518191964982,1071.2209034798,50.86517272668978
0,4,random_walk_bias_2.0,663,672.9324651569514,1051.2808761815631,56.223830861893056
0,4,random_walk_bias_2.0,519,659.7829213494675,1013.2253709126778,53.569505685340744
0,4,random_walk_bias_2.0,429,712.0030541242971,1060.4174789431454,48.93440032323572
0,4,random_walk_bias_2.0,239,704.2903408691917,1035.7435678130023,47.06201515340271
0,4,random_walk_bias_2.0,452,701.2787000612444,1072.266384586838,52.90160452516158
0,4,random_walk_bias_2.0,262,697.0912734679076,1007.1767102388822,44.48275980107361
0,4,random_walk_bias_2.0,253,696.3950632506342,1062.5345920939121,52.57641074223174
0,4,random_walk_bias_2.0,494,676.2078211565007,988.5381054671486,46.188505151637784
0,4,random_walk_bias_2.0,427,735.8053312580661,1088.7477756594606,47.96682348005554
0,5,greedy,439,505.2012740811199,692.7685820200869,37.127243647617846
0,5,greedy,86,531.393252122556,729.0919278162661,37.203836312192124
0,5,greedy,363,508.42815407257837,703.6118741414123,38.38963647181728
0,5,greedy,100,514.8858280644915,706.0931563484153,37.13586932518451
0,5,greedy,327,511.4654444588523,696.9179973468802,36.25905814306633
0,5,greedy,758,524.8287819332241,718.352678073122,36.873720116310345
0,5,greedy,383,521.75387864558,716.151961047362,37.25857925702816
0,5,greedy,376,514.4565540186959,707.743864309504,37.57116296428481
0,5,greedy,563,519.1521812728307,711.7892844547359,37.106095309010826
0,5,greedy,93,500.1147183438186,685.7748220237348,37.12350324236583
0,5,greedy,94,508.42121095904673,705.5670061729753,38.77607601029231
0,5,greedy,45,500.9228434159212,681.7699426908025,36.102785419334964
0,5,random_walk_bias_0.5,81,446.48271459054297,603.4260542138697,35.15104493289403
0,5,random_walk_bias_0.5,74,489.60528265660065,673.2267324379468,37.50397642464461
0,5,random_walk_bias_0.5,363,397.1852571444492,541.403116897194,36.309973031122674
0,5,random_walk_bias_0.5,651,448.6624677543446,611.4252162509545,36.27732654154772
0,5,random_walk_bias_0.5,549,470.8165907542936,632.6544869181186,34.37387282902351
0,5,random_walk_bias_0.5,73,458.2013778558562,641.8897038089497,40.08899467143882
0,5,random_walk_bias_0.5,449,489.18538828954803,668.1448580158362,36.583159270563165
0,5,random_walk_bias_0.5,448,496.4309567821503,687.2724942408046,38.442714913607134
0,5,random_walk_bias_0.5,376,480.2295484959343,646.4055068784609,34.603443062382375
0,5,random_walk_bias_0.5,47,499.3938639287064,693.9665405839758,38.96176759653711
0,5,random_walk_bias_0.5,44,476.6686870396297,654.2859370004647,37.262202194134936
0,5,random_walk_bias_0.5,586,462.9366862545673,627.6435749561314,35.57870732478357
0,5,random_walk_bias_1.0,370,475.11926228286876,653.2475469865759,37.4912782630261
0,5,random_walk_bias_1.0,72,485.35451475601195,668.3062825505955,37.69446090071986
0,5,random_walk_bias_1.0,586,512.8331645929294,706.5102579058815,37.76610147018998
0,5,random_walk_bias_1.0,88,486.7666733159003,679.390473947867,39.57210121222871
0,5,random_walk_bias_1.0,100,457.67125190528526,620.4739057061962,35.57196418240463
0,5,random_walk_bias_1.0,73,495.6264092111569,672.7212633585896,35.73152093111791
0,5,random_walk_bias_1.0,82,474.32232656952095,656.7941115644701,38.46999704075799
0,5,random_walk_bias_1.0,667,477.4303514804114,661.477779070823,38.54958676584325
0,5,random_walk_bias_1.0,377,498.89975259152567,685.2790061594075,37.35805692420936
0,5,random_walk_bias_1.0,83,491.76906327598107,677.6497137076477,37.79836193708475
0,5,random_walk_bias_1.0,383,427.9546766483719,583.3714066899175,36.316165828290146
0,5,random_walk_bias_1.0,81,475.22174673355687,653.1845854845019,37.44837856730568
0,5,random_walk_bias_2.0,581,470.81653658406384,655.3227215401556,39.188552359428094
0,5,random_walk_bias_2.0,101,436.90852024822163,594.2489994522241,36.012224965219794
0,5,random_walk_bias_2.0,370,514.9812905960081,710.4936007730764,37.96493460001125
0,5,random_walk_bias_2.0,74,487.06615867846835,676.1562187401324,38.82225375187478
0,5,random_walk_bias_2.0,667,457.67153656537,640.2235471327976,39.887123402386514
0,5,random_walk_bias_2.0,376,511.697241067777,698.7244687726351,36.550368595809054
0,5,random_walk_bias_2.0,651,495.406976769132,670.6723467720168,35.37805848958834
0,5,random_walk_bias_2.0,101,522.1771240743715,715.3026116608415,36.98467027425047
0,5,random_walk_bias_2.0,83,470.42480147698194,636.4776522890475,35.298489852302254
0,5,random_walk_bias_2.0,71,504.5554731027124,688.0812406693015,36.37375419555278
0,5,random_walk_bias_2.0,380,494.51556097327,680.4203589754077,37.593316100357534
0,5,random_walk_bias_2.0,95,482.281132179767,660.6898389254584,36.99267809614223
0,6,greedy,108,429.4423030841827,786.3011196652473,83.09819829536221
0,6,greedy,141,448.4741214083194,813.2472321261592,81.3364904026931
0,6,greedy,683,444.6043082355249,810.5662994257674,82.31184098116692
0,6,greedy,133,441.8855892628415,804.6491396533296,82.09445141572829
0,6,greedy,469,438.93141617492205,799.2585566828343,82.09190029002514
0,6,greedy,125,438.4128310834984,800.0563104055332,82.48925525931003
0,6,greedy,552,432.5749737777646,795.2866072918845,83.8494262269696
0,6,greedy,136,403.45095547211804,730.3095142253115,81.01568587703649
0,6,greedy,392,435.6635613101429,795.9727416592425,82.70353831419021
0,6,greedy,467,435.8823988246398,796.8291519689304,82.80828822581189
0,6,greedy,145,448.80099733763683,819.7964557780926,82.66368850364937
0,6,greedy,145,453.9341673592135,827.4281742571038,82.27933338235185
0,6,random_walk_bias_0.5,468,441.59194372759765,809.6707123366934,83.35269106180762
0,6,random_walk_bias_0.5,70,425.85369529255956,782.9997502182233,83.86590485737267
0,6,random_walk_bias_0.5,109,437.46856284171855,802.160167839326,83.36407138118342
0,6,random_walk_bias_0.5,104,437.87086594709587,800.90586268314,82.90914627325455
0,6,random_walk_bias_0.5,113,433.10246316074904,787.632426481006,81.85821912277387
0,6,random_walk_bias_0.5,143,440.5627074279481,804.052373620989,82.5057727457533
0,6,random_walk_bias_0.5,123,438.8338104667412,803.2440042328652,83.04059192215371
0,6,random_walk_bias_0.5,118,403.7817065076907,747.6752608258704,85.16818587263799
0,6,random_walk_bias_0.5,142,439.1564060640378,797.333992418645,81.5603692462994
0,6,random_walk_bias_0.5,457,426.211193454942,781.6811427826325,83.40230261110443
0,6,random_walk_bias_0.5,149,441.1541019644892,805.1331747033867,82.50610639639842
0,6,random_walk_bias_0.5,468,424.7700042273395,785.0492537484611,84.81748850803928
0,6,random_walk_bias_1.0,552,441.61664389795874,802.9658395148998,81.82417954800533
0,6,random_walk_bias_1.0,114,444.13361567542756,811.2329286494561,82.65515151690394
0,6,random_walk_bias_1.0,138,420.37922185845486,764.6161102784067,81.88722717981034
0,6,random_walk_bias_1.0,653,438.9511117406692,801.7136244751168,82.64303313776922
0,6,random_walk_bias_1.0,128,441.33028078886485,806.0985120300139,82.65198358679051
0,6,random_walk_bias_1.0,131,428.4168106828742,775.9672834158383,81.1243779577619
0,6,random_walk_bias_1.0,143,381.2075722454421,717.3191196333792,88.17021797550501
0,6,random_walk_bias_1.0,125,427.39573500715164,781.0931744733301,82.75642700558535
0,6,random_walk_bias_1.0,123,435.75363064035355,796.0562852322622,82.68494609268836
0,6,random_walk_bias_1.0,407,431.15458508842704,788.4916575836883,82.87910759941789
0,6,random_walk_bias_1.0,654,414.8815436693043,758.0039153020036,82.70369624014823
0,6,random_walk_bias_1.0,114,438.6497482997649,805.7533456118015,83.68945810067238
0,6,random_walk_bias_2.0,124,432.14057837510626,792.0047458206193,83.27479192040698
0,6,random_walk_bias_2.0,674,405.16906337932926,750.9217988752927,85.33542334456597
0,6,random_walk_bias_2.0,144,423.6846705701717,775.9101176884888,83.13386619447695
0,6,random_walk_bias_2.0,134,425.9653661856998,786.447751871976,84.62715852094036
0,6,random_walk_bias_2.0,134,418.23832315823716,772.6765768051322,84.74552283263533
0,6,random_walk_bias_2.0,123,426.10505106541984,777.2579454715346,82.40993471635763
0,6,random_walk_bias_2.0,468,425.86055304143196,778.2441294634414,82.74623557062023
0,6,random_walk_bias_2.0,391,418.06892446751283,763.4770429781393,82.61989789137444
0,6,random_walk_bias_2.0,109,400.64522509009834,743.1890004177545,85.49803014640294
0,6,random_walk_bias_2.0,120,411.1558061696012,758.7472934909352,84.5400896948426
0,6,random_walk_bias_2.0,550,431.83519116003623,791.0026999663287,83.17235745457961
0,6,random_walk_bias_2.0,69,438.5564915343714,802.6690286543721,83.02523030638204
0,7,greedy,626,200.729978102339,349.5969161118511,74.16278296688432
0,7,greedy,628,192.4260673268087,336.24280716706755,74.73869930314913
0,7,greedy,186,182.5733419965934,320.58859951800804,75.59441921372608
0,7,greedy,172,193.51157754826548,336.29694610257286,73.7864733280333
0,7,greedy,632,201.84513325785827,348.01832209808583,72.41848563843773
0,7,greedy,557,186.39978388214524,320.69946818834893,72.04927039567663
0,7,greedy,166,193.00627013279276,335.5136191784212,73.83560593527874
0,7,greedy,161,195.82044396437527,339.0245304018852,73.13030424114574
0,7,greedy,168,197.38488044312734,339.5820377986622,72.04055195935143
0,7,greedy,160,194.85230897671175,339.9007086228335,74.44017492420764
0,7,greedy,160,204.0072145794673,351.80838140933986,72.44899016661948
0,7,greedy,566,196.83964562094127,344.10206792910003,74.81339536230698
0,7,random_walk_bias_0.5,151,198.04788682388926,342.2959446311054,72.83493912534713
0,7,random_walk_bias_0.5,165,196.88535336165535,339.9525472814518,72.66522952420883
0,7,random_walk_bias_0.5,160,179.57798295091823,308.24601736925973,71.65022810926031
0,7,random_walk_bias_0.5,180,191.61987612692363,336.1475534347383,75.4241575712551
0,7,random_walk_bias_0.5,570,196.87976454071423,339.5989166416266,72.49051340235549
0,7,random_walk_bias_0.5,182,194.02719856129718,333.3930182650953,71.82798119912532
0,7,random_walk_bias_0.5,188,196.34911679879605,340.8161246325832,73.5766018147289
0,7,random_walk_bias_0.5,632,194.49525478618756,338.92768211698933,74.26012911707238
0,7,random_walk_bias_0.5,167,174.95726552382246,305.26254254125,74.47834568475523
0,7,random_walk_bias_0.5,569,190.62201995209352,329.35728530469413,72.78029337191322
0,7,random_walk_bias_0.5,195,178.34634135441044,314.29818136963087,76.22911632656174
0,7,random_walk_bias_0.5,174,129.75136228272916,212.36924013706457,63.67399648129355
0,7,random_walk_bias_1.0,172,200.34114114799212,348.2891547308617,73.84804375930968
0,7,random_walk_bias_1.0,675,195.79071228401284,337.63530274672405,72.44704756829951
0,7,random_walk_bias_1.0,181,192.91376071640124,331.5493135491237,71.86400405957971
0,7,random_walk_bias_1.0,173,180.59804282170808,309.43833052595903,71.34091028408655
0,7,random_walk_bias_1.0,195,178.18967676979713,305.19314537890466,71.2743133673131
0,7,random_walk_bias_1.0,630,194.76219513577925,334.58851162819127,71.79335619776288
0,7,random_walk_bias_1.0,192,180.6099266393653,308.88255066914974,71.02191248098676
0,7,random_walk_bias_1.0,161,185.71457160541632,321.56802114499556,73.15174483358477
0,7,random_walk_bias_1.0,156,176.81359480515383,302.6794679661256,71.18563100290693
0,7,random_walk_bias_1.0,569,124.72623234783427,203.2010768139011,62.917674164339054
0,7,random_walk_bias_1.0,174,192.63496311614588,332.95171601076095,72.84075051838515
0,7,random_walk_bias_1.0,626,185.12046042127872,319.1205390475812,72.38534212877303
0,7,random_walk_bias_2.0,155,153.577294558273,262.92572075018956,71.20090668769117
0,7,random_walk_bias_2.0,186,186.07639530801927,321.5418912487904,72.80101042183776
0,7,random_walk_bias_2.0,572,179.0848290912586,307.4484845291614,71.67757095297608
0,7,random_walk_bias_2.0,675,191.70525028970883,329.08156841839406,71.66017514965259
0,7,random_walk_bias_2.0,633,184.10138886376512,316.73535179605034,72.04397737077053
0,7,random_walk_bias_2.0,635,175.9283787039894,303.5833546711837,72.56076416300172
0,7,random_walk_bias_2.0,161,180.9961422435203,311.64535552075654,72.18342427511794
0,7,random_walk_bias_2.0,567,185.23749982472404,318.5680351860438,71.97815533435733
0,7,random_walk_bias_2.0,631,195.83118657037323,337.7013955831248,72.44515620690964
0,7,random_walk_bias_2.0,172,192.34819798471392,331.96198016721087,72.58387842738833
0,7,random_walk_bias_2.0,635,188.39815057124974,327.5775651340116,73.87514906104452
0,7,random_walk_bias_2.0,675,168.12630804009873,288.214041424963,71.42709239545242
1,0,greedy,248,155.267233433846,216.81649777759918,39.640858526649275
1,0,greedy,257,160.67038303271488,221.95212794148165,38.14128263843679
1,0,greedy,243,162.39711491037238,229.74560884441763,41.47148425094569
1,0,greedy,676,154.5735599247481,211.92263071328966,37.1014750623982
1,0,greedy,276,165.3082672942622,231.1519103434711,39.83082281783392
1,0,greedy,222,162.80656720002239,226.67607534393642,39.230302095519676
1,0,greedy,237,167.01880079846603,235.08889173362348,40.75594520481231
1,0,greedy,267,164.98845689015053,234.48672749824027,42.12311086366591
1,0,greedy,282,158.84580088690828,224.20578985251265,41.146815717299326
1,0,greedy,222,165.04793124160628,229.55310501159227,39.08269148527512
1,0,greedy,240,164.99150708984016,228.24098433045268,38.33498969505885
1,0,greedy,753,150.1376272387608,214.97215963328017,43.18340018216374
1,0,random_walk_bias_0.5,240,152.30425150037638,206.3902442828977,35.51180761515883
1,0,random_walk_bias_0.5,235,149.72156886273171,204.01827561837393,36.26512009463562
1,0,random_walk_bias_0.5,285,153.51504142300348,211.32778510641785,37.659334972990735
1,0,random_walk_bias_0.5,276,158.94428303723632,220.3035495413243,38.60426140002353
1,0,random_walk_bias_0.5,403,156.5676708383991,219.55451426629293,40.22978887698057
1,0,random_walk_bias_0.5,247,153.1798338865673,210.75540546793147,37.58691344710558
1,0,random_walk_bias_0.5,282,150.5780056846478,211.43303111516437,40.41428570781042
1,0,random_walk_bias_0.5,284,149.5974301424296,205.85088863671797,37.60322516284554
1,0,random_walk_bias_0.5,234,144.56209581558093,196.35579222230533,35.82799219568458
1,0,random_walk_bias_0.5,689,149.35345702600623,206.0391250391226,37.954038119951896
1,0,random_walk_bias_0.5,540,156.84115623148733,216.86310194135837,38.26925735059142
1,0,random_walk_bias_0.5,402,162.10961073853838,226.33744322430906,39.62000290615821
1,0,random_walk_bias_1.0,236,161.9772611713446,226.37603036698687,39.75790720866632
1,0,random_walk_bias_1.0,539,149.08625940514688,205.15660385155542,37.609330779462056
1,0,random_walk_bias_1.0,402,150.33255272529576,207.72956672909504,38.18003018194033
1,0,random_walk_bias_1.0,268,151.48189874120803,215.10099180039458,41.997818609254125
1,0,random_walk_bias_1.0,281,159.19663153619047,226.0555153176662,41.99767491077635
1,0,random_walk_bias_1.0,243,148.4912041031254,208.64604169977054,40.51070766108699
1,0,random_walk_bias_1.0,403,157.44975851853707,217.19003084217624,37.94243502545973
1,0,random_walk_bias_1.0,238,147.47010164734647,202.4837405853247,37.30494406895809
1,0,random_walk_bias_1.0,244,161.57908517486524,226.0312492280203,39.88892744590254
1,0,random_walk_bias_1.0,248,150.56838237265737,206.7291882485254,37.29920252239264
1,0,random_walk_bias_1.0,276,156.5570532592899,218.29904800284643,39.437376635659724
1,0,random_walk_bias_1.0,234,156.91947274609734,218.71987901158252,39.38351638835862
1,0,random_walk_bias_2.0,676,150.25792663761877,206.00473742911788,37.100745390920544
1,0,random_walk_bias_2.0,283,142.32139459005367,197.2975663182889,38.62818509233277
1,0,random_walk_bias_2.0,241,159.25548783220304,220.18424393617963,38.25849704355129
1,0,random_walk_bias_2.0,276,148.35800244786427,207.45996448735832,39.837394049750415
1,0,random_walk_bias_2.0,265,137.28597288073723,186.32083196839375,35.71731187005825
1,0,random_walk_bias_2.0,224,143.68009792418727,196.63036267852561,36.85288743488853
1,0,random_walk_bias_2.0,241,162.88825554669333,228.4414685007103,40.24428448447935
1,0,random_walk_bias_2.0,244,147.76660706340706,201.69012376869682,36.492356275156965
1,0,random_walk_bias_2.0,753,154.08110609306306,213.2096993888461,38.37497977206246
1,0,random_walk_bias_2.0,233,161.83370338075912,227.4207659648433,40.52744342738808
1,0,random_walk_bias_2.0,230,160.41947616302937,225.21647323479337,40.39222582045637
1,0,random_walk_bias_2.0,241,146.2300603151765,202.6087235809455,38.554769890851055
1,1,greedy,213,302.39591581560404,536.2900448702399,77.34698678842624
1,1,greedy,209,307.0936007713056,544.6841290315361,77.3674631003352
1,1,greedy,204,299.2416314918245,530.0055605968832,77.11625149034901
1,1,greedy,422,304.5062077693153,540.022630834486,77.34371814304383
1,1,greedy,212,300.1301287182571,532.1943429513531,77.32119904927738
1,1,greedy,212,301.94722281039986,535.2012548316809,77.24993455818172
1,1,greedy,205,303.491720087808,538.0980391304638,77.30237878475832
1,1,greedy,212,301.94687050216766,536.0313520675433,77.52505637037068
1,1,greedy,184,302.35300870242406,535.9259869404599,77.25174597747048
1,1,greedy,423,300.9998358054123,533.855218344824,77.36063440577622
1,1,greedy,401,299.72920953192767,531.9244530903368,77.46834014643316
1,1,greedy,419,301.87118712764186,536.1280655978281,77.60160242492245
1,1,random_walk_bias_0.5,229,300.70069359154513,533.1236888050521,77.29380083479862
1,1,random_walk_bias_0.5,660,299.3018698377624,531.0516189313357,77.43010400141972
1,1,random_walk_bias_0.5,459,296.5673275766099,526.2462182646725,77.44578358137967
1,1,random_walk_bias_0.5,218,301.4535170483545,533.914690424892,77.11343879900716
1,1,random_walk_bias_0.5,211,293.1554648440617,520.609955769564,77.58835096132087
1,1,random_walk_bias_0.5,197,300.4409541729977,533.0522760095803,77.42330684472599
1,1,random_walk_bias_0.5,422,294.13344002586393,521.8372761647771,77.41514739666819
1,1,random_walk_bias_0.5,209,298.19335517070147,528.7906164024521,77.33145532359187
1,1,random_walk_bias_0.5,420,295.5016190937423,525.0838725554325,77.69238428059496
1,1,random_walk_bias_0.5,423,296.0110409249633,524.9478614698376,77.34063561598977
1,1,random_walk_bias_0.5,416,299.8847364327739,531.9434782659072,77.38264527683111
1,1,random_walk_bias_0.5,647,303.5370594583778,537.7742416658605,77.16922033357253
1,1,random_walk_bias_1.0,416,298.88403627997627,529.5713573077758,77.1828846729391
1,1,random_walk_bias_1.0,417,298.68725561149813,529.9856586357167,77.43832342316873
1,1,random_walk_bias_1.0,211,300.518262856419,532.4551689017088,77.17897203342484
1,1,random_walk_bias_1.0,640,297.9929357858699,528.1717388805897,77.24304017063022
1,1,random_walk_bias_1.0,612,301.89194380560065,535.0836592247678,77.24343766169788
1,1,random_walk_bias_1.0,528,296.4657622799638,526.4863537832156,77.58757359847664
1,1,random_walk_bias_1.0,423,298.7288875689879,529.3817046625184,77.21142035192828
1,1,random_walk_bias_1.0,226,296.4522046613721,525.0025968518921,77.09519058952044
1,1,random_walk_bias_1.0,639,303.00861569071463,537.0737450675485,77.24702112620706
1,1,random_walk_bias_1.0,418,299.6293844983448,531.384964771804,77.34741392653345
1,1,random_walk_bias_1.0,639,300.47915008252613,532.9217693802475,77.35732054416466
1,1,random_walk_bias_1.0,216,298.43033447733717,528.877186556305,77.21964742041595
1,1,random_walk_bias_2.0,221,280.7706027873841,496.2425821528398,76.74306968975083
1,1,random_walk_bias_2.0,217,295.28361114274855,523.3311324190266,77.22999606843516
1,1,random_walk_bias_2.0,201,297.462352660772,527.3387750247372,77.27916501289752
1,1,random_walk_bias_2.0,200,294.4769964320681,522.1564580175726,77.31655251313563
1,1,random_walk_bias_2.0,221,294.42598336251467,521.7193501081697,77.19881382404962
1,1,random_walk_bias_2.0,220,296.11290237784493,525.2126161764518,77.36904132136459
1,1,random_walk_bias_2.0,417,299.1102111338068,530.4498063198433,77.34259365774273
1,1,random_walk_bias_2.0,220,297.37626219404837,525.7078771367568,76.78205827797852
1,1,random_walk_bias_2.0,458,292.86081334641557,519.0600858184403,77.23780791541438
1,1,random_walk_bias_2.0,542,295.5458493465255,524.0027304090992,77.29997953539505
1,1,random_walk_bias_2.0,417,294.32706653288875,522.0621381497824,77.37483144162212
1,1,random_walk_bias_2.0,200,286.30909700399434,506.9426461586569,77.06131291790021
1,2,greedy,311,134.18294073456062,144.90376300380507,7.989705852737478
1,2,greedy,649,133.18907155437552,144.00638795922558,8.121774766208055
1,2,greedy,324,136.3587530655935,146.79305658498885,7.652096608991478
1,2,greedy,6,139.2498685517628,150.24062920675956,7.892833773779262
1,2,greedy,318,133.61449937142277,143.0428805474145,7.056405719698615
1,2,greedy,318,129.1396884942816,140.93192339548065,9.131379391333468
1,2,greedy,5,139.92348053678543,150.66878532896558,7.679415028098335
1,2,greedy,314,125.0055609858745,135.1365649285341,8.104442604600935
1,2,greedy,323,129.17752016256333,139.3606087251564,7.883019080857236
1,2,greedy,305,139.72942650873014,150.5539695305982,7.7467884126696545
1,2,greedy,2,136.98252793821132,148.6702336220049,8.532260179243845
1,2,greedy,288,139.90800239614538,150.40211579361377,7.5007242028619805
1,2,random_walk_bias_0.5,322,115.17985701489836,125.81771272877967,9.235864663823394
1,2,random_walk_bias_0.5,295,125.86724320744355,135.42141999610567,7.590677721379619
1,2,random_walk_bias_0.5,296,128.72383774813824,138.08387692121542,7.2714109032323035
1,2,random_walk_bias_0.5,617,131.53783000682623,141.06881719406468,7.2458145209966105
1,2,random_walk_bias_0.5,304,127.2843141756205,138.20548786161422,8.580141046229182
1,2,random_walk_bias_0.5,308,129.43310792264998,137.7443310821963,6.421249781403046
1,2,random_walk_bias_0.5,648,130.22294980479063,141.64015597770648,8.767430157303838
1,2,random_walk_bias_0.5,308,134.00882592144848,145.6714143977418,8.702851022013698
1,2,random_walk_bias_0.5,321,138.2180149552758,149.65252007926802,8.272803749708137
1,2,random_walk_bias_0.5,318,99.62927536254554,111.41016825765786,11.8247300828419
1,2,random_walk_bias_0.5,579,133.54772182091943,143.63420326938493,7.552716969587051
1,2,random_walk_bias_0.5,296,133.06092541352953,145.00197715193877,8.974123471108134
1,2,random_walk_bias_1.0,11,136.01646881019406,146.08009610967562,7.3988300001560745
1,2,random_walk_bias_1.0,320,118.2611530305942,129.03547458908005,9.110617715437403
1,2,random_walk_bias_1.0,311,130.21338198572474,140.0925693173023,7.58692169800229
1,2,random_walk_bias_1.0,306,129.91459784806418,137.51183020234643,5.847866583220509
1,2,random_walk_bias_1.0,315,127.70146981895836,136.287390732565,6.72343155155446
1,2,random_walk_bias_1.0,2,116.69471299928733,127.57897464694149,9.32712491243766
1,2,random_walk_bias_1.0,1,131.89746248867957,141.59441768334005,7.351889120302641
1,2,random_walk_bias_1.0,315,132.13999313690232,141.9543267912751,7.427224280392335
1,2,random_walk_bias_1.0,298,128.3444250596324,139.09798833240316,8.37867579193591
1,2,random_walk_bias_1.0,657,134.8290121628128,146.53289734981263,8.680539150481053
1,2,random_walk_bias_1.0,322,137.03066059075255,148.44143475583235,8.327168617510008
1,2,random_walk_bias_1.0,3,132.96161758571785,144.00790600938493,8.307877584706539
1,2,random_walk_bias_2.0,309,116.96979099594778,124.56092820600396,6.489827112984386
1,2,random_walk_bias_2.0,305,128.8616172301749,139.05368330859847,7.9093110093584595
1,2,random_walk_bias_2.0,677,128.0406992217987,139.26547402027145,8.766567869977523
1,2,random_walk_bias_2.0,321,136.4817618991654,145.7106359229114,6.761983356109079
1,2,random_walk_bias_2.0,297,115.65721412760598,126.43493680874349,9.318677405843715
1,2,random_walk_bias_2.0,296,121.53690709012477,132.93548630322027,9.378697784898353
1,2,random_walk_bias_2.0,6,133.03313290596742,142.34332871099863,6.9984037823209
1,2,random_walk_bias_2.0,297,123.72886095352159,135.70382404837056,9.678391122785278
1,2,random_walk_bias_2.0,682,133.09956826379414,144.65527652223167,8.682002811260004
1,2,random_walk_bias_2.0,306,127.73441845427872,139.73844613866837,9.39764538771229
1,2,random_walk_bias_2.0,310,103.57409138999172,117.69510850986802,13.633734972104039
1,2,random_walk_bias_2.0,319,129.8499916854833,141.8225128446738,9.220271024883697
1,3,greedy,290,63.91712467507262,88.45071746948439,38.383442495465935
1,3,greedy,606,61.09283615144207,83.62145692614037,36.87604340196689
1,3,greedy,610,62.13168547987645,85.46637649720118,37.55682923632017
1,3,greedy,608,62.601256802006716,87.29080796250399,39.43938575959363
1,3,greedy,605,62.81725324456044,86.93187659216434,38.38853515883723
1,3,greedy,412,64.43029712446457,89.15776963688978,38.37864113005314
1,3,greedy,608,63.35308948312213,88.29066669941751,39.362843106394976
1,3,greedy,576,62.9223432844569,86.68719263509752,37.76853834448823
1,3,greedy,291,61.075386596230196,83.78199711980493,37.178005394690814
1,3,greedy,609,64.02874922450148,88.18002079972575,37.71941802352505
1,3,greedy,460,63.27148951461075,88.01272912695035,39.10329881933048
1,3,greedy,289,63.44607828526111,87.22725969088485,37.482508057788415
1,3,random_walk_bias_0.5,600,62.07868197099479,86.09325533952739,38.68409026427622
1,3,random_walk_bias_0.5,289,60.51067112519977,83.1088921388258,37.3458442840092
1,3,random_walk_bias_0.5,607,63.13031407686815,87.58064112630076,38.729930948326384
1,3,random_walk_bias_0.5,290,62.8087930153657,86.64120461947772,37.944387178848665
1,3,random_walk_bias_0.5,460,63.972067880006136,88.47947902947841,38.30954971698176
1,3,random_walk_bias_0.5,292,61.432322670283675,85.20750945472909,38.70142907024751
1,3,random_walk_bias_0.5,609,62.06801471882988,85.15715069096015,37.19973335175099
1,3,random_walk_bias_0.5,606,57.34307905789671,81.066220978434,41.37054080508148
1,3,random_walk_bias_0.5,606,64.42336572081113,89.09805786892296,38.300842981478986
1,3,random_walk_bias_0.5,690,62.01580489978769,85.21729353569384,37.412218826148916
1,3,random_walk_bias_0.5,290,62.75278327998805,87.37413939510147,39.23548060849948
1,3,random_walk_bias_0.5,461,60.83194331276903,83.46965058307134,37.213519801447
1,3,random_walk_bias_1.0,460,62.24620781340483,86.16832114760922,38.43143891739654
1,3,random_walk_bias_1.0,289,64.2403932673378,88.86448271491692,38.33116236556249
1,3,random_walk_bias_1.0,605,65.00001266261512,90.00289422271557,38.46596413738993
1,3,random_walk_bias_1.0,607,62.73329741478892,87.68117536447544,39.7681597776259
1,3,random_walk_bias_1.0,611,63.2457354952932,87.32078849104528,38.065891411040305
1,3,random_walk_bias_1.0,574,64.39697250651245,89.44065159418165,38.889528673318495
1,3,random_walk_bias_1.0,611,63.113378482822604,87.04800847670163,37.92322732397101
1,3,random_walk_bias_1.0,575,63.62079826651852,88.01952688093512,38.3502396688047
1,3,random_walk_bias_1.0,293,59.23746513161218,82.6358382038263,39.49928144330323
1,3,random_walk_bias_1.0,606,62.12298165368341,85.76630920022117,38.05890657074715
1,3,random_walk_bias_1.0,461,62.087884866060186,86.52802714993818,39.3637862468689
1,3,random_walk_bias_1.0,609,58.28187067495564,79.61001422128977,36.594816362850665
1,3,random_walk_bias_2.0,576,60.37161592950408,83.53517500435817,38.36829397096504
1,3,random_walk_bias_2.0,290,62.17774858361913,85.47879810703623,37.474900674605344
1,3,random_walk_bias_2.0,600,59.65356201680462,82.06497077701718,37.56927164533643
1,3,random_walk_bias_2.0,460,63.56455496998589,87.42960385015479,37.544585801690225
1,3,random_walk_bias_2.0,290,61.61202523297642,85.57785482257408,38.89797405453652
1,3,random_walk_bias_2.0,461,58.96990216081117,80.64500624886847,36.756215109445485
1,3,random_walk_bias_2.0,291,63.43076891056683,87.91471372131052,38.59947661246929
1,3,random_walk_bias_2.0,412,64.29733624021478,89.00637600052399,38.429336587127445
1,3,random_walk_bias_2.0,576,63.80860851826514,88.40197588107056,38.54239723119114
1,3,random_walk_bias_2.0,577,58.803436310654334,79.84737688026429,35.78692316285112
1,3,random_walk_bias_2.0,576,62.71808494047329,87.08657984831616,38.85401623944894
1,3,random_walk_bias_2.0,576,61.61149142669161,85.78581097977626,39.236705675025654
1,4,greedy,507,735.7628622057891,1095.1355277904352,48.84354512094568
1,4,greedy,342,725.4669975741413,1081.9577574970563,49.13948685673773
1,4,greedy,335,738.5006509770864,1117.3863433388115,51.30472015974985
1,4,greedy,516,682.9480030371847,1029.7704318561305,50.78313828821054
1,4,greedy,249,742.1930817534151,1123.2428019518672,51.34104986511468
1,4,greedy,495,727.0254577730791,1088.0002536210495,49.650915520022785
1,4,greedy,446,743.2739383868665,1115.755515881327,50.11363351483309
1,4,greedy,351,740.2369819965686,1096.7156560836502,48.15737159275488
1,4,greedy,483,684.9408162625814,1035.2513469200155,51.144642331132125
1,4,greedy,487,708.368599575613,1060.6488482270565,49.73120616335851
1,4,greedy,621,710.6303654335443,1081.6544653647977,52.2105609299284
1,4,greedy,52,722.5913726218433,1087.9088650461067,50.55658097587701
1,4,random_walk_bias_0.5,538,720.3208098404291,1063.4290139550092,47.63269357587878
1,4,random_walk_bias_0.5,64,680.1532529024405,1024.730679473944,50.661733234543384
1,4,random_walk_bias_0.5,19,674.6919432643273,995.6968086247668,47.57799000938684
1,4,random_walk_bias_0.5,643,637.8075055782625,993.203553022187,55.72152167160651
1,4,random_walk_bias_0.5,18,651.7313806269282,991.9696833260933,52.20529696941636
1,4,random_walk_bias_0.5,333,675.0582051990729,1007.613483498147,49.263200674822485
1,4,random_walk_bias_0.5,494,593.6645564101424,829.2342144206146,39.680600006668634
1,4,random_walk_bias_0.5,517,671.2394971850099,969.2354392528957,44.394875944815105
1,4,random_walk_bias_0.5,348,660.2741808408362,979.4188150803707,48.33516794994391
1,4,random_walk_bias_0.5,341,685.1275825054194,1036.352521097398,51.26416561826286
1,4,random_walk_bias_0.5,464,671.865069499156,1030.5768856788231,53.390454789838984
1,4,random_walk_bias_0.5,17,608.2466738091788,876.5945960441194,44.11827204157102
1,4,random_walk_bias_1.0,476,654.956468756138,989.0591575556613,51.011434307082304
1,4,random_walk_bias_1.0,15,689.9498371953662,1019.6600941013653,47.78756934652894
1,4,random_walk_bias_1.0,505,720.6426100955155,1095.691318062528,52.043648642605625
1,4,random_walk_bias_1.0,678,680.758332164702,978.3263203968545,43.711251728044836
1,4,random_walk_bias_1.0,428,694.3044137275716,1017.097239326693,46.491541637495274
1,4,random_walk_bias_1.0,336,645.6842865498596,1023.1828813580919,58.464887975724636
1,4,random_walk_bias_1.0,502,706.3422794394041,1073.5694522606066,51.98997476303643
1,4,random_walk_bias_1.0,655,631.9822716283712,914.3665300566328,44.682306942039325
1,4,random_walk_bias_1.0,21,685.0725438494939,1018.198188441098,48.62633126701246
1,4,random_walk_bias_1.0,16,694.8551521331956,1059.5427778530584,52.48397807806086
1,4,random_walk_bias_1.0,64,699.0859541814508,1051.8944026092815,50.467105842646895
1,4,random_walk_bias_1.0,484,675.3677085029775,985.861511980199,45.974037486255185
1,4,random_walk_bias_2.0,477,660.0559209874033,935.7175574777054,41.763376060308524
1,4,random_walk_bias_2.0,669,688.9448759896741,993.4223997750263,44.19475844826745
1,4,random_walk_bias_2.0,251,703.8744503806896,1065.746416164431,51.41143645546777
1,4,random_walk_bias_2.0,334,726.1071018577851,1060.961488359357,46.116390494574205
1,4,random_walk_bias_2.0,672,707.6067241139301,1072.0887738113897,51.509127496472914
1,4,random_walk_bias_2.0,239,675.8502914931712,1010.832267699983,49.564523448932555
1,4,random_walk_bias_2.0,485,737.0959339870419,1105.2102555247097,49.941168383129245
1,4,random_walk_bias_2.0,433,712.4225506870131,1057.782445764488,48.476833691526586
1,4,random_walk_bias_2.0,256,509.93082211341834,807.0155459281442,58.259809160672496
1,4,random_walk_bias_2.0,260,750.1758653364177,1116.524386274108,48.83501827580133
1,4,random_walk_bias_2.0,561,699.7511907679161,1021.3645561848009,45.961102983467896
1,4,random_walk_bias_2.0,508,704.6758310647698,1064.4871292677274,51.06054193163973
1,5,greedy,78,527.9802700628663,723.485456385763,37.028881079139175
1,5,greedy,328,506.4944129595609,687.0030905861443,35.638828979737504
1,5,greedy,73,540.3451285458482,742.1464668196576,37.346748885640515
1,5,greedy,94,520.5565886989799,712.4085037294985,36.85515065903047
1,5,greedy,658,515.807135676245,711.7371979881358,37.98513994092349
1,5,greedy,559,518.6352384835831,712.3724603597539,37.35519831676524
1,5,greedy,363,518.4751590763474,709.5502099514977,36.853270119159895
1,5,greedy,328,504.93363782502854,686.8470037988172,36.02718304872094
1,5,greedy,328,522.9865222647362,716.6469054599968,37.02970821439821
1,5,greedy,658,521.4109812272766,720.7673485083343,38.234017782253176
1,5,greedy,363,518.2933506038934,705.7181731181995,36.16191917104989
1,5,greedy,45,513.9434374560102,711.6764786196115,38.47369705552974
1,5,random_walk_bias_0.5,360,451.29359209593514,627.3522204899057,39.01199385001335
1,5,random_walk_bias_0.5,382,479.3184659274835,658.4911416248272,37.38071625315826
1,5,random_walk_bias_0.5,93,464.3998958951115,647.2887155133233,39.38175293207186
1,5,random_walk_bias_0.5,382,459.1753518160842,642.9207674455039,40.01639349818938
1,5,random_walk_bias_0.5,44,475.03758349994905,642.971520346761,35.35171588098777
1,5,random_walk_bias_0.5,373,428.1781596772924,616.0355516121504,43.87365111673178
1,5,random_walk_bias_0.5,559,513.8855748162343,701.8968107129572,36.58620617322362
1,5,random_walk_bias_0.5,83,502.7640044032297,693.6483851662416,37.96699427390146
1,5,random_walk_bias_0.5,355,459.3626317697304,621.2453372606157,35.24072144641359
1,5,random_walk_bias_0.5,93,477.98719867186844,648.6024967776094,35.69453294561263
1,5,random_walk_bias_0.5,758,446.1080704980637,619.9412137676251,38.966599074408784
1,5,random_walk_bias_0.5,76,479.3237818429633,667.598503576159,39.279236471283326
1,5,random_walk_bias_1.0,385,501.9539526648947,693.4291484493775,38.145968323973335
1,5,random_walk_bias_1.0,42,498.6280308891213,673.2605622801811,35.022606145841095
1,5,random_walk_bias_1.0,80,453.47350049812184,622.9427956127442,37.37137780453928
1,5,random_walk_bias_1.0,89,499.9757125371867,681.4537100622626,36.29736264670619
1,5,random_walk_bias_1.0,90,454.91836362543745,633.0584206583101,39.15868676155408
1,5,random_walk_bias_1.0,449,480.0238912852704,650.7079976205631,35.55741900226752
1,5,random_walk_bias_1.0,382,500.5511915477184,688.5153250661496,37.551430641337745
1,5,random_walk_bias_1.0,586,460.38003849092564,610.230983245558,32.54940097877116
1,5,random_walk_bias_1.0,666,520.5769519889916,715.6692630000141,37.47617144124891
1,5,random_walk_bias_1.0,73,477.83235727731767,662.0432933389686,38.55137335430408
1,5,random_walk_bias_1.0,758,484.7266103429796,670.4493831977046,38.314952984180614
1,5,random_walk_bias_1.0,380,499.1665830987721,686.1320837078008,37.45553226908082
1,5,random_walk_bias_2.0,36,500.9991465980636,690.2730489932183,37.77928638808708
1,5,random_walk_bias_2.0,363,522.9457761109564,722.1469851561548,38.09213462371147
1,5,random_walk_bias_2.0,382,464.6107835852085,648.1345651857629,39.50054283811013
1,5,random_walk_bias_2.0,86,474.31935103454225,648.7537400849839,36.77572687472716
1,5,random_walk_bias_2.0,381,499.42951044194535,675.3287267898705,35.2200285866712
1,5,random_walk_bias_2.0,380,451.5212861898686,619.4700921251676,37.196210028661895
1,5,random_walk_bias_2.0,668,419.2783780259095,576.2381484651474,37.43569396024008
1,5,random_walk_bias_2.0,667,487.46557915624857,657.4402822400265,34.869067756124686
1,5,random_walk_bias_2.0,382,486.91741247331845,674.1090252549791,38.44422236428404
1,5,random_walk_bias_2.0,355,498.82443499679107,687.5676782805764,37.837609796520795
1,5,random_walk_bias_2.0,89,506.8275636322443,690.0360303617131,36.14808662269313
1,5,random_walk_bias_2.0,382,497.452736991414,677.4798571492444,36.18979387803381
1,6,greedy,114,450.03665113125214,823.0939134638143,82.89486231728287
1,6,greedy,653,423.67738708073125,772.4716181456771,82.32543007977046
1,6,greedy,108,450.93900596634325,818.9109713271108,81.60127212154096
1,6,greedy,176,439.8387110800449,798.8053858772236,81.6132518021706
1,6,greedy,70,441.7623337156318,807.6650831263012,82.82796460555772
1,6,greedy,466,439.624353333547,801.8606641522275,82.39677990355747
1,6,greedy,471,431.6642266157025,791.2363245738081,83.29902636991547
1,6,greedy,470,440.41089495442196,806.4099788886007,83.10400313145202
1,6,greedy,121,434.47028860439895,798.0998659356088,83.69492388058505
1,6,greedy,149,442.4183781489956,803.1214443761074,81.52985591065024
1,6,greedy,111,446.5257362415177,818.2963569885611,83.25849790345778
1,6,greedy,125,447.7035210900584,814.275157009526,81.87821150634403
1,6,random_walk_bias_0.5,146,434.96971875986753,792.0350537509677,82.08969948738527
1,6,random_walk_bias_0.5,137,431.0489732463117,786.5508962596925,82.47367354480127
1,6,random_walk_bias_0.5,138,423.4045759634021,774.3355667906052,82.88313607114547
1,6,random_walk_bias_0.5,550,432.8181703060112,794.5833647015157,83.58364302028475
1,6,random_walk_bias_0.5,467,438.7177029415685,803.3359095839874,83.10998261471597
1,6,random_walk_bias_0.5,728,444.03001734503937,808.8005211763261,82.14996499838817
1,6,random_walk_bias_0.5,134,413.0540633003211,749.6649389602425,81.49317621291142
1,6,random_walk_bias_0.5,117,420.92941804814103,771.6823054166632,83.32819525776341
1,6,random_walk_bias_0.5,179,430.83243611679757,788.4619673139889,83.00896153980358
1,6,random_walk_bias_0.5,550,423.9048726102575,778.1102879731909,83.55775982990258
1,6,random_walk_bias_0.5,472,427.1162851036049,779.1495701183215,82.42094654136741
1,6,random_walk_bias_0.5,115,357.7372141361668,639.6307163350098,78.7990432808438
1,6,random_walk_bias_1.0,175,438.5267238266418,802.4580203855239,82.98953673408313
1,6,random_walk_bias_1.0,406,433.76420896570943,797.8814988803929,83.94359939998374
1,6,random_walk_bias_1.0,470,425.0355448402452,780.791160344103,83.70020338830082
1,6,random_walk_bias_1.0,132,433.54145860334893,793.3709240890886,82.99770606597302
1,6,random_walk_bias_1.0,135,444.3431561621939,811.6203600510835,82.65620811200843
1,6,random_walk_bias_1.0,623,437.3207222312101,795.8121666037665,81.97449289471884
1,6,random_walk_bias_1.0,683,417.2130848921915,767.5903637501622,83.98041469588826
1,6,random_walk_bias_1.0,139,446.26136641906777,813.753560566573,82.34909445475205
1,6,random_walk_bias_1.0,143,416.10492167864527,766.5230726943677,84.21389240052002
1,6,random_walk_bias_1.0,472,420.31551527863655,778.5713325720039,85.23497331662182
1,6,random_walk_bias_1.0,457,431.55133036586864,785.0742026518952,81.91907831365283
1,6,random_walk_bias_1.0,129,431.71821388501564,787.8878998450712,82.50050021167701
1,6,random_walk_bias_2.0,150,416.41858822496937,768.4967108504924,84.54908896509525
1,6,random_walk_bias_2.0,196,423.5250353476027,778.4296910959338,83.7977985072471
1,6,random_walk_bias_2.0,69,436.5179263560894,798.0481947288243,82.82140240852715
1,6,random_walk_bias_2.0,105,441.09056800498996,804.8283671740362,82.4632911137042
1,6,random_walk_bias_2.0,471,432.81679251758374,788.5650258625392,82.19372249298824
1,6,random_walk_bias_2.0,395,436.2770264148185,792.6127854872022,81.67648936287893
1,6,random_walk_bias_2.0,471,421.8710291927445,780.34485670329,84.97237371252766
1,6,random_walk_bias_2.0,132,417.9676121008884,770.3679452273739,84.31283260326487
1,6,random_walk_bias_2.0,114,440.89043752567716,804.5926268959745,82.49264633894799
1,6,random_walk_bias_2.0,146,434.41395786878235,792.8290061731648,82.50541719763159
1,6,random_walk_bias_2.0,622,422.87740159098695,780.1251154026352,84.48020926811863
1,6,random_walk_bias_2.0,468,420.90794243404895,764.9722176507884,81.74335538243021
1,7,greedy,681,195.71220571748754,339.3847186453547,73.41009335680364
1,7,greedy,568,199.58162181751138,344.65007115290564,72.6862764288179
1,7,greedy,155,192.07676679048652,335.62239826450855,74.73346926471265
1,7,greedy,154,198.77651895760428,346.0953371634797,74.11278705272834
1,7,greedy,556,193.0436037047933,335.9304413293212,74.01790832864565
1,7,greedy,170,196.836853816355,342.9857145495311,74.2487282739899
1,7,greedy,163,190.05688464859898,329.88020810919267,73.5691967797518
1,7,greedy,628,196.90524010788093,341.6626485064271,73.5162803789458
1,7,greedy,183,195.34291865253772,338.5905086139288,73.33134517980142
1,7,greedy,551,196.82964691138494,339.93412025364603,72.70473507819095
1,7,greedy,675,195.61603128595172,337.1495803276473,72.35273515737659
1,7,greedy,681,195.90840089859253,340.03688513460287,73.56932299734054
1,7,random_walk_bias_0.5,173,197.83805243722668,343.65617052974426,73.70579941327776
1,7,random_walk_bias_0.5,154,191.46235696882775,332.5426648985233,73.68566341877063
1,7,random_walk_bias_0.5,630,163.8429777329964,292.1113800920637,78.28739695398939
1,7,random_walk_bias_0.5,628,176.0182317582721,301.91659987608995,71.52575438362292
1,7,random_walk_bias_0.5,170,192.96772906786978,335.0397188043575,73.6247404800617
1,7,random_walk_bias_0.5,629,192.3448329092415,333.96834901743216,73.6300081297303
1,7,random_walk_bias_0.5,631,200.90702428182098,346.82022130850845,72.62722522932236
1,7,random_walk_bias_0.5,155,196.96572950354692,342.111429945243,73.69083992811161
1,7,random_walk_bias_0.5,631,195.21336986545813,337.44324725762146,72.8586763755929
1,7,random_walk_bias_0.5,156,187.7419942199829,322.1241899513503,71.57812309903758
1,7,random_walk_bias_0.5,557,200.02048893643862,348.3322381707269,74.14827852031596
1,7,random_walk_bias_0.5,632,124.54304482177169,228.76899189334887,83.68668617402967
1,7,random_walk_bias_1.0,156,184.2712584439017,317.05505672596,72.05887635617472
1,7,random_walk_bias_1.0,162,174.68607434685433,298.63593789174325,70.95577824868612
1,7,random_walk_bias_1.0,557,202.09029001071315,348.8821407698243,72.63676584922979
1,7,random_walk_bias_1.0,151,184.1144398143245,315.23012970263676,71.21423502716009
1,7,random_walk_bias_1.0,151,185.98750515735256,324.24345173957306,74.33614772414452
1,7,random_walk_bias_1.0,635,188.80687454607371,327.574812475902,73.49729095587848
1,7,random_walk_bias_1.0,566,195.82494070588524,338.98758644585564,73.10746283078939
1,7,random_walk_bias_1.0,193,195.10637768230214,341.07098971304777,74.81283480564865
1,7,random_walk_bias_1.0,186,192.61833678423838,331.2174930893463,71.95532814737152
1,7,random_walk_bias_1.0,152,185.49214446467874,319.5560455610096,72.27470547781564
1,7,random_walk_bias_1.0,629,195.28594900542262,339.01745995996845,73.600538946381
1,7,random_walk_bias_1.0,183,190.54247279668587,328.22928011032394,72.26042849803557
1,7,random_walk_bias_2.0,571,178.05318420980828,307.88665997296914,72.91836781204209
1,7,random_walk_bias_2.0,154,182.58746060203856,316.1208573651163,73.13393609987415
1,7,random_walk_bias_2.0,570,184.00207142872256,316.80703135392355,72.17579611686385
1,7,random_walk_bias_2.0,555,157.44888465144996,265.73563988146725,68.77581601783679
1,7,random_walk_bias_2.0,180,174.6977380392604,299.71075419088635,71.55960778583828
1,7,random_walk_bias_2.0,164,165.54258179056038,283.1092942334336,71.01901587569486
1,7,random_walk_bias_2.0,167,195.29480340803906,338.8881204353794,73.52644029514894
1,7,random_walk_bias_2.0,568,188.9291836787675,324.0345600985343,71.51112061622189
1,7,random_walk_bias_2.0,160,128.14945528832914,209.9069961562551,63.798586333415194
1,7,random_walk_bias_2.0,155,195.03531364997548,336.11830800826317,72.33715357388327
1,7,random_walk_bias_2.0,194,184.03177050961054,317.9298809752723,72.75814936457903
1,7,random_walk_bias_2.0,178,188.26703251856014,326.2907777930347,73.31275339503087
2,0,greedy,244,137.41558882433446,189.67271413497568,38.02852773672151
2,0,greedy,233,161.72968985566482,227.0999749461751,40.41947100056261
2,0,greedy,539,160.64900976392587,226.187033650751,40.79578453868681
2,0,greedy,541,161.78104463105151,230.0273902681799,42.18438927302456
2,0,greedy,659,161.41742061570488,223.31409750081497,38.34572293932935
2,0,greedy,236,164.87203659450023,231.58119949179883,40.46117478452005
2,0,greedy,285,165.69912784345314,233.4349815924331,40.87882334116718
2,0,greedy,645,166.42069958747075,232.4127695505478,39.65376309957861
2,0,greedy,248,155.65269034708572,214.66587839947047,37.91337491230819
2,0,greedy,233,161.17405341648382,224.9856618024449,39.59173764840914
2,0,greedy,688,162.3781751827255,231.16515903546897,42.36221017716015
2,0,greedy,541,164.70243491142045,229.12387904327556,39.11383833912472
2,0,random_walk_bias_0.5,280,157.9288299256053,227.30687825969443,43.92994513210202
2,0,random_walk_bias_0.5,539,148.7537177874499,204.50093934567292,37.476187074449264
2,0,random_walk_bias_0.5,402,162.26609643895347,227.1094396460079,39.96111611118303
2,0,random_walk_bias_0.5,676,157.68893703527112,217.34870464516436,37.8338320566831
2,0,random_walk_bias_0.5,264,153.68780062724414,211.5085140770165,37.62218810718183
2,0,random_walk_bias_0.5,269,155.1168603594966,215.95687048198855,39.22204844882111
2,0,random_walk_bias_0.5,243,162.09713260113057,225.03062541984403,38.8245564920465
2,0,random_walk_bias_0.5,276,147.05801916693014,199.7728306544483,35.846267878584676
2,0,random_walk_bias_0.5,282,140.04356507562434,197.69531762619619,41.16701293589574
2,0,random_walk_bias_0.5,222,158.59286903744345,226.6052209511859,42.884873907971794
2,0,random_walk_bias_0.5,646,159.41055075839762,223.16730134581456,39.99531416464809
2,0,random_walk_bias_0.5,281,162.0750850641343,226.80930288534597,39.94088159546291
2,0,random_walk_bias_1.0,234,155.3012233454613,214.34706560317287,38.02020421073341
2,0,random_walk_bias_1.0,266,149.82293396507674,213.98986294799607,42.82850915059269
2,0,random_walk_bias_1.0,284,158.7230013973937,219.99859256322364,38.605363196487616
2,0,random_walk_bias_1.0,248,156.62067669409657,219.85236245899506,40.37250195796265
2,0,random_walk_bias_1.0,270,136.8511309352303,193.47939645649748,41.3794647762674
2,0,random_walk_bias_1.0,676,154.1129277833217,216.8022013182936,40.67749178259153
2,0,random_walk_bias_1.0,277,136.83495200255712,185.22512881758246,35.36390089435705
2,0,random_walk_bias_1.0,280,148.92498096728752,203.95028795904648,36.94833911299654
2,0,random_walk_bias_1.0,268,156.04067622160593,215.70205055844679,38.23450127331602
2,0,random_walk_bias_1.0,266,154.9468615065056,214.45463755533353,38.405280023261035
2,0,random_walk_bias_1.0,236,149.87839300831484,207.68995277043982,38.57231092604372
2,0,random_walk_bias_1.0,282,151.59714923658476,209.46984709711748,38.17532067850151
2,0,random_walk_bias_2.0,235,129.02094295630485,171.12779443562306,32.63567178669467
2,0,random_walk_bias_2.0,231,155.09731827180207,214.80949806433247,38.499814476409654
2,0,random_walk_bias_2.0,645,132.46524025065474,177.88230876767832,34.28602736165656
2,0,random_walk_bias_2.0,247,115.15007778890197,147.96465982277064,28.49722958418297
2,0,random_walk_bias_2.0,688,137.94399629140608,188.86952261287067,36.917537327166194
2,0,random_walk_bias_2.0,240,145.69616824740552,199.78687564637946,37.12568974849285
2,0,random_walk_bias_2.0,233,142.59503213180355,198.9934823636344,39.551483237999896
2,0,random_walk_bias_2.0,270,152.70420486521718,209.93978499417423,37.48133863077016
2,0,random_walk_bias_2.0,264,159.7627077228565,220.82339062162904,38.219609425183066
2,0,random_walk_bias_2.0,754,151.68466021100613,212.9348764071474,40.37996730251897
2,0,random_walk_bias_2.0,267,135.90933245677405,182.02382898792254,33.93033848195465
2,0,random_walk_bias_2.0,404,151.65179196748625,211.10691145284315,39.205022712889495
2,1,greedy,435,297.93440415889364,527.009793797918,76.88786069730114
2,1,greedy,415,302.3953070002083,536.0530886972532,77.26898410393784
2,1,greedy,227,301.8267842893124,535.026299173347,77.26269735574692
2,1,greedy,287,305.4255746732057,541.5875604760298,77.32226944502237
2,1,greedy,417,296.71582177652095,526.6865738311665,77.5053890546672
2,1,greedy,661,302.19051426999187,536.1092213050001,77.40769348769624
2,1,greedy,199,303.8075666007983,538.6359623443626,77.29511097138925
2,1,greedy,647,305.40555518339136,540.8775600439518,77.10141510659919
2,1,greedy,221,303.1938965021827,537.1210873753375,77.15432057566856
2,1,greedy,214,305.69434922281465,541.8206040357757,77.24259719333352
2,1,greedy,637,300.0017951686711,532.1351860107977,77.3773339294898
2,1,greedy,647,301.21816176580916,534.1211573990587,77.3203694850003
2,1,random_walk_bias_0.5,215,298.6270285791544,528.676681101026,77.03577724241207
2,1,random_walk_bias_0.5,639,303.7980054656987,538.27444505942,77.18169157637729
2,1,random_walk_bias_0.5,200,289.0737211104434,512.382536187209,77.2497805123726
2,1,random_walk_bias_0.5,527,301.04402397360434,533.226035181658,77.12560048307466
2,1,random_walk_bias_0.5,187,301.09610910036,533.0715991949503,77.043669141958
2,1,random_walk_bias_0.5,184,300.2453312288591,532.5663196721437,77.37705278960696
2,1,random_walk_bias_0.5,686,299.2512236567921,530.2446658582379,77.19047540683397
2,1,random_walk_bias_0.5,218,301.5694080128355,534.3953866818782,77.20477358868348
2,1,random_walk_bias_0.5,423,299.59349039749213,531.0152192769424,77.24524607407407
2,1,random_walk_bias_0.5,220,298.0560929852365,528.8453981497408,77.4315005115282
2,1,random_walk_bias_0.5,647,300.33213302830046,532.7699830592875,77.39360010774614
2,1,random_walk_bias_0.5,419,297.4246671145827,527.5166252093633,77.36142409672355
2,1,random_walk_bias_1.0,419,298.7623325151089,528.9688997886083,77.05341076149801
2,1,random_walk_bias_1.0,636,299.50332198220735,529.8468640981536,76.90850992618715
2,1,random_walk_bias_1.0,62,301.2382464936277,532.8180376916712,76.87595910997386
2,1,random_walk_bias_1.0,147,294.28733389176494,520.5181599117234,76.874129453075
2,1,random_walk_bias_1.0,208,301.75822034491875,535.1327145275868,77.33823917569303
2,1,random_walk_bias_1.0,661,294.9743106476367,522.4456337892818,77.11563852534005
2,1,random_walk_bias_1.0,219,301.56719063813796,534.9689659980869,77.39627605577846
2,1,random_walk_bias_1.0,202,300.71453511579017,533.202306496437,77.31178384547572
2,1,random_walk_bias_1.0,198,294.40418171776014,523.16936726353,77.70446201239182
2,1,random_walk_bias_1.0,420,286.96370657889713,506.8175580561349,76.6138178581101
2,1,random_walk_bias_1.0,62,291.7581347016262,515.8653496826663,76.81267060821764
2,1,random_walk_bias_1.0,205,294.3742901719896,520.9183232648794,76.95781889122529
2,1,random_walk_bias_2.0,420,295.46472882920824,522.8756669889472,76.96720317882428
2,1,random_walk_bias_2.0,401,288.46915797647694,509.70171493846647,76.69192731516546
2,1,random_walk_bias_2.0,148,289.4355136220617,512.2326368062368,76.97642918660578
2,1,random_walk_bias_2.0,212,285.535227942817,506.2827251768944,77.31007442566268
2,1,random_walk_bias_2.0,640,293.8296269233875,519.9344195376796,76.95098516163115
2,1,random_walk_bias_2.0,216,290.7464729805383,515.0095235821531,77.13354122669833
2,1,random_walk_bias_2.0,458,291.24190555443954,515.7714394435735,77.09382805393177
2,1,random_walk_bias_2.0,217,291.31040822782455,515.659089837934,77.0136168408557
2,1,random_walk_bias_2.0,640,297.29978679975875,526.4340477320077,77.07178784039237
2,1,random_walk_bias_2.0,147,297.0961125470281,525.9326185489064,77.0244026554387
2,1,random_walk_bias_2.0,416,295.6918510217448,523.2777465294519,76.9672531459011
2,1,random_walk_bias_2.0,420,295.7512275434203,523.9403037721241,77.15574948719444
2,2,greedy,682,136.169420438528,146.93528003273917,7.906224143085998
2,2,greedy,321,136.38234432449977,148.5206241496912,8.900184173627604
2,2,greedy,316,134.47014195806588,145.49648229052457,8.199842858719684
2,2,greedy,650,139.2264310052671,150.30444414605773,7.956831946925032
2,2,greedy,310,139.25669637495056,149.61041108001152,7.434985156608508
2,2,greedy,304,139.06373757148341,149.9097251124265,7.799292418246612
2,2,greedy,311,137.90648593827802,148.05946141247796,7.362217523796553
2,2,greedy,309,133.51331698614644,144.60104476269544,8.30458565994543
2,2,greedy,12,137.2597587814944,147.41552007065076,7.398935696312445
2,2,greedy,295,125.95182990660788,136.31707978168743,8.229534960123468
2,2,greedy,321,133.9078953344092,143.8752915978748,7.443471677733365
2,2,greedy,307,136.98540697482366,147.5692347020122,7.726244686146558
2,2,random_walk_bias_0.5,410,126.42850002784614,133.8555135219287,5.874477267741654
2,2,random_walk_bias_0.5,410,124.15346793666609,133.70154838745094,7.690546715662889
2,2,random_walk_bias_0.5,321,134.1409790163025,144.05381152187755,7.389861456408714
2,2,random_walk_bias_0.5,318,132.76312106950772,143.08414714040504,7.774015846986436
2,2,random_walk_bias_0.5,312,135.53409534922983,145.6568927229546,7.468819818099226
2,2,random_walk_bias_0.5,648,129.6154670860567,139.95526789993124,7.977289320733269
2,2,random_walk_bias_0.5,304,132.24115958856237,141.88225338965506,7.290539368445283
2,2,random_walk_bias_0.5,618,131.8259459521606,142.0444852736108,7.75153877914026
2,2,random_walk_bias_0.5,288,113.12258720260108,122.3683848094577,8.173255081496244
2,2,random_walk_bias_0.5,294,126.46829433808693,137.6772837513075,8.863082618364125
2,2,random_walk_bias_0.5,649,130.35165148912054,141.72497348976407,8.725107714951177
2,2,random_walk_bias_0.5,14,130.70309019240543,140.73320439122165,7.673968675148453
2,2,random_walk_bias_1.0,315,126.80688415141388,135.34122118118378,6.730184316791088
2,2,random_walk_bias_1.0,310,126.9811782139343,134.64956648728545,6.038996000203803
2,2,random_walk_bias_1.0,288,129.98672480200577,141.75793508777392,9.055701883171468
2,2,random_walk_bias_1.0,298,130.26175701847941,140.77827159597084,8.073370740730535
2,2,random_walk_bias_1.0,648,132.4762128063195,143.5210089458968,8.337191942318594
2,2,random_walk_bias_1.0,677,136.89558506625534,147.51492446960478,7.757254843689698
2,2,random_walk_bias_1.0,294,131.63486330903817,142.24917538801864,8.063450526826875
2,2,random_walk_bias_1.0,309,133.25604419114165,142.10292525117868,6.63900921998488
2,2,random_walk_bias_1.0,322,127.44372331626346,135.45168619268412,6.283528657231834
2,2,random_walk_bias_1.0,680,126.96733279280747,139.26827693604204,9.68827482838279
2,2,random_walk_bias_1.0,301,120.46262193966268,132.75206326053637,10.201871022722075
2,2,random_walk_bias_1.0,305,132.59357614593614,143.03554462388192,7.875169206125839
2,2,random_walk_bias_2.0,618,122.39156305286494,133.6648775055892,9.210859124215082
2,2,random_walk_bias_2.0,4,133.3356691847879,145.23504670491124,8.924376794953632
2,2,random_walk_bias_2.0,409,129.7336558114346,141.56260703056915,9.117873958880576
2,2,random_walk_bias_2.0,288,135.39646790426292,146.61340606478518,8.284513129584454
2,2,random_walk_bias_2.0,14,115.35599806352117,125.82473773469619,9.075158506634711
2,2,random_walk_bias_2.0,304,129.86604711658433,140.6923899966375,8.336546095327032
2,2,random_walk_bias_2.0,682,134.10349391801236,145.1039322179733,8.202946827534811
2,2,random_walk_bias_2.0,299,133.81879979098574,145.2059261272826,8.509362177872347
2,2,random_walk_bias_2.0,297,125.42944743096679,135.18182211609303,7.775187473813677
2,2,random_walk_bias_2.0,320,129.13279246040133,140.9155425101107,9.124521994149978
2,2,random_walk_bias_2.0,304,130.33028363152317,141.084003008272,8.251128653377535
2,2,random_walk_bias_2.0,0,135.3598517203304,145.95275111487948,7.82573212065515
2,3,greedy,576,60.22078407788722,82.27429413479267,36.62109418632328
2,3,greedy,610,62.99487280428237,87.62142234068877,39.092942711255525
2,3,greedy,610,61.79425542612655,84.94331512058822,37.461507602653754
2,3,greedy,290,64.12335356681537,88.78432947046238,38.458649668019504
2,3,greedy,578,62.139982875545826,85.1989910284162,37.10816624950322
2,3,greedy,460,62.617734385712915,87.16074116105132,39.194977295343065
2,3,greedy,412,63.67971043384022,88.38875600959925,38.80206961906711
2,3,greedy,603,63.01822484756072,86.92890182506737,37.942479394406774
2,3,greedy,411,58.823074504056166,80.33686397093854,36.57372493407988
2,3,greedy,603,64.2378944482275,88.99203017221521,38.53509822607636
2,3,greedy,460,63.836164873692816,88.1049575742668,38.01731001320738
2,3,greedy,289,62.61600932287727,87.07503826275929,39.06194151364693
2,3,random_walk_bias_0.5,690,62.81334821898604,86.53361480962735,37.7630985502403
2,3,random_walk_bias_0.5,605,62.87232858122443,86.93910316388119,38.27880265571048
2,3,random_walk_bias_0.5,577,61.568645360490194,84.86878023555987,37.84415710081844
2,3,random_walk_bias_0.5,608,62.718150330456126,86.8186266751145,38.426637612358135
2,3,random_walk_bias_0.5,290,62.24987454131009,86.19769530182583,38.470472329423814
2,3,random_walk_bias_0.5,610,61.67285009879455,85.63333939791731,38.850951854406176
2,3,random_walk_bias_0.5,461,60.95731509435073,84.96922382295729,39.391348997967725
2,3,random_walk_bias_0.5,460,64.83853671985345,89.67477681759193,38.30475108506523
2,3,random_walk_bias_0.5,603,63.3371352863146,87.42981054139575,38.038782692287185
2,3,random_walk_bias_0.5,604,62.93335040039657,86.85281211265597,38.0076089387872
2,3,random_walk_bias_0.5,600,60.55828329954805,82.98676543737686,37.03619210420417
2,3,random_walk_bias_0.5,578,63.77390089905847,88.4148467295585,38.63797804920512
2,3,random_walk_bias_1.0,605,61.358916966936725,84.34911873953602,37.468395644902884
2,3,random_walk_bias_1.0,291,61.74854463530219,85.2591551190926,38.07476050269399
2,3,random_walk_bias_1.0,292,60.12618658598233,84.40092218056567,40.37298384102526
2,3,random_walk_bias_1.0,292,60.48255709839846,83.21394968306346,37.58338548365859
2,3,random_walk_bias_1.0,690,61.55719754409289,84.60882019208886,37.44748553811972
2,3,random_walk_bias_1.0,460,62.12348756269297,86.23944442090047,38.8193866834512
2,3,random_walk_bias_1.0,605,61.582169710939354,85.39631149869895,38.67051437054075
2,3,random_walk_bias_1.0,291,63.4402425080677,87.43614119618832,37.82441198119484
2,3,random_walk_bias_1.0,608,61.2626313997443,84.98913181929218,38.72915654688465
2,3,random_walk_bias_1.0,411,59.28884469929635,83.39461102425844,40.65818190120372
2,3,random_walk_bias_1.0,461,61.296677271223636,85.63788167067331,39.71047939800304
2,3,random_walk_bias_1.0,577,62.48415058020971,86.17030739665203,37.90746388724107
2,3,random_walk_bias_2.0,606,64.06255501841292,88.98403995944635,38.901796742060114
2,3,random_walk_bias_2.0,577,63.69088642584996,88.1765343148629,38.44450793995396
2,3,random_walk_bias_2.0,290,64.12973183346169,88.4598940659564,37.938973915683356
2,3,random_walk_bias_2.0,293,59.65140544746259,83.58247183896131,40.11819371561293
2,3,random_walk_bias_2.0,611,61.647700215450016,85.35283959780601,38.4525932021955
2,3,random_walk_bias_2.0,605,63.174920025846255,87.48530251106557,38.48106570657058
2,3,random_walk_bias_2.0,289,61.221717190654424,85.42481704523044,39.533520072956485
2,3,random_walk_bias_2.0,460,63.29742063189721,87.7291121864171,38.59824193564078
2,3,random_walk_bias_2.0,412,60.761575638199844,83.9649071058993,38.187507851774484
2,3,random_walk_bias_2.0,610,61.049088636060254,83.65436371508241,37.028030367139266
2,3,random_walk_bias_2.0,610,62.61179978925492,86.86363474775409,38.73364931231563
2,3,random_walk_bias_2.0,610,62.07407193424724,85.39910372774331,37.576126499649334
2,4,greedy,55,675.6119454318198,1018.5914457662451,50.76575431406985
2,4,greedy,641,691.7687490416101,1031.4654359033796,49.10552656973762
2,4,greedy,487,765.2095166278087,1143.9128135000162,49.490144678428706
2,4,greedy,338,749.4126219304791,1111.8720980913374,48.365808842019035
2,4,greedy,333,720.5936755247262,1077.5426127958642,49.53539690883531
2,4,greedy,678,742.7652172274121,1096.9817926134065,47.68890184548639
2,4,greedy,427,734.1745530976733,1119.5034765183786,52.484647117623794
2,4,greedy,436,735.5776023760021,1097.9329769235155,49.26133875978047
2,4,greedy,454,774.4254918562966,1144.1713493851912,47.74453597112543
2,4,greedy,334,724.5645344747079,1083.7402708869936,49.571255467627815
2,4,greedy,399,709.1137118851104,1063.1789354670057,49.930669460705666
2,4,greedy,55,733.2629644611718,1096.6382001251125,49.5559237648068
2,4,random_walk_bias_0.5,348,659.3081897213069,1028.4351602072388,55.98701430388174
2,4,random_walk_bias_0.5,519,698.3113370884171,1032.8039216359095,47.90020822834508
2,4,random_walk_bias_0.5,400,735.2910382475146,1106.2211794767095,50.44671047715556
2,4,random_walk_bias_0.5,669,518.0181638311352,736.9729216305623,42.26777612971935
2,4,random_walk_bias_0.5,478,719.4260272099461,1072.7742317990208,49.115293473523295
2,4,random_walk_bias_0.5,497,598.7687422281906,834.0407565405276,39.29263465504598
2,4,random_walk_bias_0.5,446,606.9732746419231,906.1409748907117,49.288446913132894
2,4,random_walk_bias_0.5,512,577.8061029434157,864.0952353012087,49.54761310055412
2,4,random_walk_bias_0.5,440,734.7210909359737,1086.3021020167225,47.85230959313605
2,4,random_walk_bias_0.5,638,707.0156223327377,1062.7907836734098,50.32069307985335
2,4,random_walk_bias_0.5,520,626.8832097325577,964.3949415565664,53.839650924451895
2,4,random_walk_bias_0.5,558,710.5437480783422,1075.625007918481,51.380546353056666
2,4,random_walk_bias_1.0,465,692.8121525325216,1022.8125596446292,47.63201769856612
2,4,random_walk_bias_1.0,59,578.154831693675,914.023585895662,58.093219288348195
2,4,random_walk_bias_1.0,521,716.7653518169276,1068.549675712477,49.07942648229462
2,4,random_walk_bias_1.0,21,644.570356273404,967.7218778699063,50.13440634546229
2,4,random_walk_bias_1.0,242,681.5884592342908,990.2925476941754,45.29185966656309
2,4,random_walk_bias_1.0,23,581.761311393014,944.9693185051142,62.43247875016078
2,4,random_walk_bias_1.0,242,696.8920949184147,1075.442110259612,54.31974592644995
2,4,random_walk_bias_1.0,428,729.1287811972576,1091.0555083461009,49.6382445025069
2,4,random_walk_bias_1.0,655,649.2778375856514,984.9286013654433,51.696014302276815
2,4,random_walk_bias_1.0,621,677.9774656962071,995.7970303156078,46.87760002362844
2,4,random_walk_bias_1.0,509,658.7746601810378,977.5635780041569,48.39119308801475
2,4,random_walk_bias_1.0,497,671.6481872474623,1013.7989894865514,50.94196764548505
2,4,random_walk_bias_2.0,65,636.0117859351896,944.4473343065665,48.49525672198895
2,4,random_walk_bias_2.0,445,693.4649517580636,1012.4755441298609,46.00241029673462
2,4,random_walk_bias_2.0,263,733.437486524033,1102.5669706359815,50.32869070564653
2,4,random_walk_bias_2.0,398,631.2361281857384,940.2694553023867,48.95685042693195
2,4,random_walk_bias_2.0,520,737.9873868675295,1102.8508645904813,49.44034060956731
2,4,random_walk_bias_2.0,509,683.0062680235092,1032.5696653999278,51.18011557756108
2,4,random_walk_bias_2.0,517,718.9690294926473,1084.557834226,50.84903378819205
2,4,random_walk_bias_2.0,478,698.4281034718813,1017.6909575353823,45.711627650211604
2,4,random_walk_bias_2.0,453,634.4398282319988,880.0378888472617,38.711009253576336
2,4,random_walk_bias_2.0,431,716.8143834273442,1109.6723071842596,54.80608827609208
2,4,random_walk_bias_2.0,60,729.258581487966,1084.5125690320936,48.71440618762055
2,4,random_walk_bias_2.0,508,734.1805147193975,1083.4424847492428,47.57167522531331
2,5,greedy,439,539.5963182501715,737.219248972296,36.62421777876199
2,5,greedy,36,517.9866921012008,703.3411990748149,35.783642668835355
2,5,greedy,658,517.3480287891248,705.0410412366083,36.27983523717816
2,5,greedy,620,518.8064698550664,711.396994983428,37.12184336910131
2,5,greedy,377,527.5034637225343,724.0696110226568,37.26347992352062
2,5,greedy,447,529.3782717333801,724.3563454546191,36.83152183084674
2,5,greedy,43,506.7582911530364,683.972817938503,34.97022740017675
2,5,greedy,758,491.4337289611597,676.4794432359632,37.65425597994079
2,5,greedy,559,522.736225820788,720.0817659674119,37.75241324374575
2,5,greedy,79,518.810889848437,713.4170086888181,37.51002969448703
2,5,greedy,81,522.8257244356819,714.2051915704478,36.60482990605208
2,5,greedy,559,523.5143791915428,714.747321415217,36.52868953074278
2,5,random_walk_bias_0.5,581,479.5798476297231,667.2843952931003,39.139373472652935
2,5,random_walk_bias_0.5,586,472.681042766305,654.1637755628361,38.394332832649006
2,5,random_walk_bias_0.5,620,462.8937869468042,637.2896366914873,37.675132970563006
2,5,random_walk_bias_0.5,76,453.2378298086168,626.2792773270327,38.178950682798025
2,5,random_walk_bias_0.5,448,480.82692725167533,659.703635060648,37.20189067434335
2,5,random_walk_bias_0.5,93,480.024173655223,655.7312651912707,36.60380063739231
2,5,random_walk_bias_0.5,77,511.6297316684724,701.1652477875251,37.045446030073286
2,5,random_walk_bias_0.5,658,461.5312063873219,630.9646738768512,36.711161703622466
2,5,random_walk_bias_0.5,758,470.70424026772145,652.8390942399974,38.69411796007691
2,5,random_walk_bias_0.5,693,426.80888067315203,583.2998404632298,36.665347624272535
2,5,random_walk_bias_0.5,42,503.2232199655708,689.8986921463651,37.095957573970075
2,5,random_walk_bias_0.5,365,498.40371475071305,684.52272673495,37.34302262922101
2,5,random_walk_bias_1.0,329,501.59656188527134,688.6962742192463,37.30083627980882
2,5,random_walk_bias_1.0,95,499.3782277150985,678.3858561934784,35.84610192106853
2,5,random_walk_bias_1.0,36,484.484576967799,662.9399231696898,36.83406132735402
2,5,random_walk_bias_1.0,49,516.6582265761349,711.6872496338599,37.74816949111048
2,5,random_walk_bias_1.0,759,490.73042331011237,671.5125740806047,36.839401468339126
2,5,random_walk_bias_1.0,47,488.5633344175393,669.5363795654994,37.0418802229018
2,5,random_walk_bias_1.0,668,445.1012937299161,615.8480293443364,38.36132089924412
2,5,random_walk_bias_1.0,386,466.93687470383196,639.598538103947,36.97751725211907
2,5,random_walk_bias_1.0,94,504.8973976879897,691.084636831373,36.876252481388505
2,5,random_walk_bias_1.0,89,387.4298590189513,517.7504740162187,33.63721508901377
2,5,random_walk_bias_1.0,385,478.0213437499792,671.510788647063,40.47715597366403
2,5,random_walk_bias_1.0,74,486.87216065691075,669.5066435979829,37.51179420377069
2,5,random_walk_bias_2.0,90,481.3573402615739,651.955158699224,35.44099241219541
2,5,random_walk_bias_2.0,388,494.168830967138,678.8781978353381,37.37778574717175
2,5,random_walk_bias_2.0,365,497.42880852750193,677.4773956041034,36.19585033878209
2,5,random_walk_bias_2.0,448,440.4335894571318,607.9289817526434,38.029659023500564
2,5,random_walk_bias_2.0,652,438.3548992995944,602.8212251208606,37.51898885675769
2,5,random_walk_bias_2.0,439,505.5156374106926,693.6412354378502,37.214595178649255
2,5,random_walk_bias_2.0,667,443.2317352641867,607.9873363761565,37.171436069163185
2,5,random_walk_bias_2.0,46,483.54110924123717,665.662930699708,37.66418572854182
2,5,random_walk_bias_2.0,652,472.2488889497502,650.9643064430538,37.84348077361383
2,5,random_walk_bias_2.0,666,507.05627990503916,693.6113447003191,36.79178666916773
2,5,random_walk_bias_2.0,377,486.0833492159946,664.4954373720349,36.704011450670286
2,5,random_walk_bias_2.0,328,497.39348859386917,689.8932328669686,38.701701708499634
2,6,greedy,132,440.925467064122,807.2355965727995,83.07756228002283
2,6,greedy,123,434.778584911606,795.3504617729981,82.9322991919437
2,6,greedy,405,440.58167313905756,801.2251734894647,81.8562192523564
2,6,greedy,149,442.5200101077919,807.6184353607196,82.50438780474461
2,6,greedy,121,427.0959619848735,779.6509496950265,82.54701966080388
2,6,greedy,550,448.37736622573874,817.0162597969215,82.21621369388859
2,6,greedy,107,436.2490605840943,795.277152051272,82.29888013660697
2,6,greedy,129,439.52884323538666,806.1559059175944,83.4136526703125
2,6,greedy,683,436.6917380298131,796.4786926069194,82.38922865825857
2,6,greedy,471,444.0245261292272,810.7062508100561,82.58141231011894
2,6,greedy,129,431.3114018229121,782.7833599263914,81.48914139946311
2,6,greedy,106,443.84652949500685,813.2325233512195,83.22381032842301
2,6,random_walk_bias_0.5,113,410.35164784333926,741.5744309958598,80.7168156612282
2,6,random_walk_bias_0.5,150,420.32455394621155,764.4009600224358,81.85969695224023
2,6,random_walk_bias_0.5,684,442.31854457446366,805.9820922201573,82.21756743108278
2,6,random_walk_bias_0.5,179,428.3137676424535,780.3817373074505,82.19861145320345
2,6,random_walk_bias_0.5,391,447.46364081036063,814.2498561822725,81.97006011654015
2,6,random_walk_bias_0.5,653,435.20720613271106,794.293882972568,82.50935916956253
2,6,random_walk_bias_0.5,531,419.5375710762363,772.0633898706345,84.02723453112117
2,6,random_walk_bias_0.5,469,406.9773268086974,750.4437165502053,84.3944778041546
2,6,random_walk_bias_0.5,121,415.34364802125054,768.5809334944245,85.04699353319614
2,6,random_walk_bias_0.5,138,421.6058698003242,774.2414975025183,83.64106217714784
2,6,random_walk_bias_0.5,455,426.90658287882707,787.1636863701254,84.38780706118874
2,6,random_walk_bias_0.5,144,426.7374793004337,787.8158013435425,84.61368863945057
2,6,random_walk_bias_1.0,111,439.0889132965389,799.107100448002,81.99209231874289
2,6,random_walk_bias_1.0,408,440.39676917562645,799.3537408596675,81.50763057503087
2,6,random_walk_bias_1.0,112,433.2046969431568,790.1001399837975,82.38494309018789
2,6,random_walk_bias_1.0,110,444.15042542289126,813.7313100955985,83.21074652147777
2,6,random_walk_bias_1.0,149,441.1429714256862,807.0770449588388,82.95135528296565
2,6,random_walk_bias_1.0,395,441.02243655214016,800.4827109908047,81.50611956363973
2,6,random_walk_bias_1.0,150,437.3178459925923,800.4213397637646,83.0296538544011
2,6,random_walk_bias_1.0,123,432.53155514563815,791.6218027498536,83.0205896731178
2,6,random_walk_bias_1.0,471,418.18905041026494,769.7040620802876,84.05648386182479
2,6,random_walk_bias_1.0,553,433.66693394883777,793.5470995007688,82.9853828778166
2,6,random_walk_bias_1.0,123,437.40400725855824,792.9146674837613,81.27741271813579
2,6,random_walk_bias_1.0,179,417.34449021436524,770.4508441669573,84.60788682539504
2,6,random_walk_bias_2.0,114,424.11278139249083,780.6581989970103,84.06853866414326
2,6,random_walk_bias_2.0,146,429.0231676200927,783.179499469622,82.54946552516734
2,6,random_walk_bias_2.0,110,423.24302568598245,775.9865335629573,83.34301724293186
2,6,random_walk_bias_2.0,115,379.50797580913684,682.6635586723809,79.88121520157665
2,6,random_walk_bias_2.0,179,426.2398343582457,771.3757888527746,80.97224301294406
2,6,random_walk_bias_2.0,128,427.92872369154014,779.5211603871908,82.16144821096087
2,6,random_walk_bias_2.0,122,436.4188407621837,798.5057890659142,82.96776272797108
2,6,random_walk_bias_2.0,157,422.9196835431493,773.658531129413,82.93273196646538
2,6,random_walk_bias_2.0,111,406.77993366031376,741.8431441158157,82.36965069552824
2,6,random_walk_bias_2.0,133,411.21459430795375,750.592187893914,82.5305323020234
2,6,random_walk_bias_2.0,111,439.6254668012045,801.6120056516692,82.3397564941688
2,6,random_walk_bias_2.0,203,430.42137548291873,781.1474504527604,81.48435346091686
2,7,greedy,181,197.2032713969065,343.006012145109,73.93525458041145
2,7,greedy,171,198.82520858562557,345.7279538942722,73.88537215862236
2,7,greedy,571,198.2296235545921,342.17934510408475,72.61766378214864
2,7,greedy,182,189.4068089975899,325.9559905416125,72.0930690225398
2,7,greedy,152,188.78993821317604,329.38831192851677,74.47344654384132
2,7,greedy,151,195.10780122855022,337.6368268984813,73.05142325035577
2,7,greedy,627,189.43909275627135,328.98795544318875,73.66423722608208
2,7,greedy,171,193.02217103310133,332.46533542237506,72.24204537900502
2,7,greedy,675,179.96744630626753,306.61515290809314,70.37256415046157
2,7,greedy,155,195.9718364037636,338.9176460341185,72.94201669664491
2,7,greedy,627,202.0420279447468,352.54424744102295,74.4905508162067
2,7,greedy,681,198.868322264689,343.7519561882454,72.85405351321853
2,7,random_walk_bias_0.5,635,183.13091518820207,315.80746107758847,72.44901591467277
2,7,random_walk_bias_0.5,182,198.12134552227928,343.47983479981326,73.36841413748022
2,7,random_walk_bias_0.5,155,202.40152123349378,351.0234310437923,73.42924544467519
2,7,random_walk_bias_0.5,178,195.8670690445176,339.5781732931177,73.37175409304602
2,7,random_walk_bias_0.5,627,188.9416889376054,326.6834406988691,72.90172567831256
2,7,random_walk_bias_0.5,572,200.32034925962233,345.93198117669533,72.68938600359324
2,7,random_walk_bias_0.5,153,199.16558810031748,345.74388156740594,73.59619443558624
2,7,random_walk_bias_0.5,188,188.2478232001432,324.16142779240425,72.19929680023928
2,7,random_walk_bias_0.5,554,195.55012817722806,339.2250311297967,73.47215994783464
2,7,random_walk_bias_0.5,174,191.02569249896803,328.02650073881415,71.71852458568434
2,7,random_walk_bias_0.5,568,185.41596905375758,321.0497584424698,73.15108298432914
2,7,random_walk_bias_0.5,569,197.72755186391717,342.6156581875042,73.27663998151556
2,7,random_walk_bias_1.0,161,188.17871340965368,325.1481185843277,72.78687514272663
2,7,random_walk_bias_1.0,632,199.28323417330657,344.93760004321234,73.08912185921146
2,7,random_walk_bias_1.0,154,185.8244797468562,318.5611885303553,71.4312285250699
2,7,random_walk_bias_1.0,630,187.98010497264977,326.1887117984367,73.52299693943445
2,7,random_walk_bias_1.0,556,191.4655162385509,332.9711909604096,73.90661122786928
2,7,random_walk_bias_1.0,167,133.19503658187503,219.31502043689906,64.65705184298369
2,7,random_walk_bias_1.0,154,170.80267874373598,289.35598180510345,69.4095103972222
2,7,random_walk_bias_1.0,163,186.79440487225438,323.74245729335405,73.3148578592363
2,7,random_walk_bias_1.0,180,190.02161233525794,326.9318275535426,72.04981240593408
2,7,random_walk_bias_1.0,635,183.74856925252308,314.9245609049509,71.38885063760931
2,7,random_walk_bias_1.0,162,189.15985957839698,326.00082958679013,72.341441949358
2,7,random_walk_bias_1.0,180,190.09886047162064,327.98073720763165,72.53166925563714
2,7,random_walk_bias_2.0,182,182.80408931672468,313.9073177872086,71.71788604976757
2,7,random_walk_bias_2.0,629,189.21589003275247,323.8087917588989,71.13192327708259
2,7,random_walk_bias_2.0,631,178.01276195433317,303.2172636561706,70.33456496448102
2,7,random_walk_bias_2.0,182,169.1218553741793,289.9361050467734,71.43621349546726
2,7,random_walk_bias_2.0,160,188.68473658311746,325.62361860304907,72.57549524129563
2,7,random_walk_bias_2.0,151,125.04113633352746,202.8473347795273,62.224481260682175
2,7,random_walk_bias_2.0,172,173.9313217195744,298.15970041283776,71.42381111410974
2,7,random_walk_bias_2.0,178,194.94846946248148,336.4663864108935,72.59247396945973
2,7,random_walk_bias_2.0,170,159.9472001344118,269.6598786517628,68.59305972543058
2,7,random_walk_bias_2.0,554,171.18184309288037,294.34691548482476,71.94984594547046
2,7,random_walk_bias_2.0,170,120.20304688341619,197.65420888586576,64.43360963850502
2,7,random_walk_bias_2.0,573,187.89422645983643,324.5858741672531,72.74925381309434
