road_name,objectid,length_feet,max_grade_pct,avg_grade_pct,elevation_change_ft,min_elevation_ft,max_elevation_ft
STEWART AVE,790,339.32532473579727,347.53,3.98,13.5,546.0,672.9
THURSTON AVE,274,292.3979781999107,304.3,3.63,10.6,697.8,810.6
STEWART AVE,811,159.5913540999557,233.8,5.62,9.0,506.9,604.2
MITCHELL ST,712,336.03217300258007,179.58,0.0,0.0,613.8,647.0
BALCH DR,502,478.453054606205,100.19,0.0,0.0,799.5,828.9
Locust Dr -CITY CEMETARY,24,1075.2360835292404,88.8,0.46,5.0,472.6,550.5
COLLEGE AVE,243,211.6794828420934,67.34,4.19,8.9,721.6,740.6
LAKE ST,572,92.1086738001124,58.8,6.58,6.1,388.1,404.7
E CLINTON ST,785,121.0243796514736,58.6,2.77,3.4,393.6,410.0
S CAYUGA ST,544,159.14814872086794,53.98,6.61,10.5,393.9,409.3
N CAYUGA ST,297,150.3947521100201,48.71,0.44,0.7,385.1,393.3
NYS RTE 13 N,824,155.09623703151533,47.35,2.8,4.3,385.9,396.5
S AURORA ST,569,143.11088547053265,43.69,6.01,8.6,411.6,428.6
W STATE ST/ M. L. K. JR ST BRIDGE,809,245.17618429983327,40.04,3.15,7.7,384.0,396.5
LAKE ST,573,347.9327196269403,34.78,6.83,23.8,398.6,422.4
HILLVIEW PL,188,225.82711959164763,30.38,15.12,34.2,485.6,519.7
W BUFFALO ST BRIDGE,380,279.0678629139996,29.19,2.97,8.3,384.0,398.0
NYS RTE 13 S,825,150.37700208627868,28.34,3.47,5.2,387.4,396.9
FERRIS PL,763,171.2856094761069,28.27,12.31,21.1,505.8,526.9
EDGECLIFF PL,835,216.3344065807508,28.22,14.75,31.9,598.0,629.9
KLINE RD NB LANE,863,92.42224865322244,27.9,15.1,14.0,398.7,412.6
S AURORA ST,388,381.54203538195566,27.07,14.23,54.3,428.6,482.9
COLUMBIA ST,640,556.7287708741271,26.86,13.64,75.9,473.3,549.2
COLLEGE AVE,362,37.79812584548645,26.75,10.23,3.9,731.7,735.6
N TAYLOR PL,559,185.17352866729016,26.54,7.99,14.8,687.3,702.1
E CLINTON ST,499,266.3855934130455,26.43,9.76,26.0,410.0,436.0
ELM ST,650,407.9154334436021,25.18,9.8,40.0,405.8,445.8
EDGECLIFF PL,836,220.17641388894606,24.9,7.1,15.6,629.9,647.3
COOK ST,364,210.29766948618496,24.68,15.93,33.5,660.5,694.0
STONE QUARRY RD,193,989.6835965070604,24.65,9.91,98.1,403.9,503.9
WILLIAMS ST,17,302.901990366725,24.62,15.18,46.0,593.8,639.7
S AURORA ST WB LANE,816,138.2851887231384,24.27,6.04,8.4,471.2,480.9
CAMPBELL AVE,656,415.14091406401946,24.16,7.9,32.8,687.3,720.1
S ALBANY ST,169,97.79442749938345,23.99,1.14,1.1,390.9,393.2
ELM ST,791,109.9907449257166,23.9,8.11,8.9,396.9,405.8
FALL CREEK DR,527,443.1952026212627,23.42,11.69,51.8,672.9,724.7
PLEASANT ST,180,551.8803397007537,23.31,14.76,81.5,440.7,522.1
WESTBOURNE LN,837,462.69850450492555,22.54,3.59,16.6,760.0,778.0
S CAYUGA ST,798,398.5673425538778,22.47,16.98,67.7,484.0,551.7
WILLIAMS ST,16,334.5467497780335,22.26,15.24,51.0,639.7,690.7
STEWART AVE,747,253.6618829363512,21.89,4.97,12.6,581.2,593.8
KLINE RD,795,1163.281805806196,21.45,15.21,176.9,412.6,589.5
SUNRISE RD,10,291.37032382856745,21.21,14.09,41.0,524.6,565.6
SUNRISE RD,11,302.64782585991645,21.2,11.86,35.9,488.7,524.6
NEEDHAM PL,69,446.9950886922157,21.16,12.82,57.3,589.6,646.9
LAKE ST,293,514.5948075830863,20.96,14.51,74.6,422.4,497.0
TAUGHANNOCK BLVD,212,440.95076071459863,20.9,0.59,2.6,384.0,394.6
HIGHLAND PL,15,562.5709521373183,20.84,7.59,42.7,639.7,682.4
STEWART AVE,746,316.55195284993215,20.74,0.47,1.5,593.8,598.7
CAMPUS RD,49,91.20476123832589,20.57,1.96,1.8,871.9,878.4
WATER ST,437,626.9148152904021,20.48,13.0,81.5,533.7,615.2
OSMUN PL,787,193.69614317576512,20.47,14.07,27.3,557.0,584.2
E GREEN ST,783,418.99674793095704,20.45,0.64,2.7,406.6,415.3
E SENECA ST,690,312.96477421191685,20.44,16.01,50.1,555.3,605.4
E BUFFALO ST,368,319.7208241427042,20.34,15.02,48.0,625.1,673.1
THE KNOLL,279,450.01354898092643,20.33,2.11,9.5,713.2,729.4
SUNRISE RD,223,692.6915045846044,20.28,9.84,68.2,565.6,633.8
S CAYUGA ST,522,503.69708225730164,19.99,13.26,66.8,417.2,484.0
SCHUYLER PL,13,484.1667268448918,19.57,10.29,49.8,461.6,511.6
VINEGAR HILL,452,427.85612959751745,19.51,14.21,60.8,516.5,577.2
BRIDGE ST,504,466.1485148906204,19.45,14.0,65.3,622.3,687.6
KLINE RD SB LANE,861,96.70257684761836,19.15,13.2,12.8,399.9,412.6
HEIGHTS CT,65,542.877561381647,19.14,5.29,28.7,768.1,796.8
SUMMIT AVE,860,129.50685000988827,19.05,6.0,7.8,784.8,792.6
TURNER PL,184,347.9758821530179,18.96,13.34,46.4,473.3,519.7
HUDSON ST,412,677.813938811127,18.95,10.11,68.5,444.3,512.8
E SENECA ST,336,548.4315477532709,18.89,12.89,70.7,440.7,511.4
EDGEMOOR LA,19,541.9684300072997,18.81,12.59,68.2,612.4,680.6
TERRACE PL,491,497.39834411054716,18.74,5.27,26.2,417.3,443.5
HO PLZ,61,403.2374379254853,18.68,1.62,6.5,782.8,793.5
CATHERINE ST,251,599.559736365077,18.57,12.33,73.9,636.2,710.1
BROOKFIELD RD,4,317.119352180438,18.44,13.27,42.1,622.4,664.5
CASCADILLA PARK RD,584,348.51206422708924,18.38,9.52,33.2,536.1,569.3
CORNELL ST,758,254.70947357677233,18.34,10.05,25.6,742.5,768.1
VALENTINE PL,440,266.7729516462646,18.31,9.31,24.8,599.3,624.1
E BUFFALO ST,724,314.50694212326783,18.04,13.98,44.0,581.1,625.1
COLUMBIA ST,442,747.4386642693934,17.91,10.26,76.7,491.5,568.2
EDDY ST,710,179.9962614825319,17.87,7.53,13.5,673.1,686.7
E STATE ST / M.L.K. JR ST,334,654.538336048177,17.83,9.47,62.0,461.6,523.6
N CAYUGA ST,296,272.1551736905114,17.79,1.19,3.2,390.1,395.9
WATER ST,438,268.14385668823417,17.75,12.14,32.6,615.2,647.7
HECTOR ST,682,299.2020169774269,17.74,6.42,19.2,488.7,507.9
HOPPER PL,228,540.4403186778782,17.73,11.26,60.9,507.9,568.8
S AURORA ST,385,338.0491166725519,17.73,11.61,39.3,482.9,522.1
CHESTNUT HILL APT DRIVEWAY,841,1290.743080529232,17.68,6.32,81.6,445.8,527.3
FALLVIEW TER,561,479.0621002798718,17.68,3.49,16.7,651.1,670.0
SPRING LN,831,191.0481187674612,17.58,6.08,11.6,526.2,537.8
HOOK PL,652,464.8782626178526,17.35,13.77,64.0,527.5,591.6
DEWITT PL,23,943.4801100287676,17.34,8.39,79.1,545.6,624.7
GILES ST,762,1094.9138987574051,17.19,8.57,93.8,528.5,622.3
Elm Dr CITY CEMETARY,867,1152.4858827938574,17.09,2.08,24.0,536.0,584.5
LAKE ST,666,849.7663269943786,16.91,10.04,85.3,497.0,582.4
PARKER ST,12,329.7817606116417,16.9,2.62,8.6,440.7,457.4
TAUGHANNOCK BLVD,213,226.3391180439565,16.81,1.39,3.2,388.2,392.0
UNIVERSITY AVE,289,424.10788313485165,16.73,12.28,52.1,715.3,767.4
HOY RD,350,2030.913865957392,16.68,0.01,0.2,807.5,825.3
CORNELL ST,757,329.93263771319795,16.52,11.88,39.2,703.3,742.5
COOK ST,248,392.8589477414929,16.43,10.07,39.6,621.0,660.5
STEWART AVE,663,762.2239061570177,16.42,4.09,31.2,628.1,661.1
RIDGEDALE RD,782,314.93492372515595,16.4,11.93,37.6,674.7,712.2
ELSTON PL,827,261.7845937785911,16.28,7.03,18.4,500.6,519.0
Oak Dr -CITY CEMETARY,868,476.6756886377343,16.26,9.71,46.3,537.6,583.9
THURSTON AVE,278,808.2244830647448,16.25,9.49,76.7,645.9,722.6
CASCADILLA PARK RD,93,1235.519927332266,16.25,9.17,113.3,422.8,536.1
WOODCREST AVE,436,403.7442787476115,16.04,10.54,42.6,754.2,796.8
BROOK LA,263,109.89798304220189,16.03,8.93,9.8,783.8,794.4
E SENECA ST,338,318.96547677066775,16.02,12.81,40.9,605.4,646.3
E BUFFALO ST,366,547.6677614905072,15.91,11.6,63.5,449.5,513.0
DEWITT PL,828,369.24415665827064,15.79,5.08,18.8,537.8,558.1
UNIVERSITY AVE,292,504.92881154752223,15.76,12.0,60.6,582.4,643.0
BROOKFIELD RD,3,483.51878991910655,15.72,9.43,45.6,664.5,710.0
CASCADILLA PL,18,303.9483979407783,15.68,5.3,16.1,690.7,706.8
WILLARD LOOP,27,257.83488540535643,15.66,8.24,21.2,585.1,606.3
COLLEGE AVE,722,727.4170059733133,15.66,6.5,47.3,646.8,694.0
DRYDEN RD,719,467.9467070133372,15.46,5.63,26.3,764.2,790.6
BOOL ST,250,266.94002456519075,15.41,7.48,20.0,687.9,707.9
FERRIS PL,443,565.6856825938838,15.39,5.02,28.4,501.3,534.2
LAKE ST,70,638.2555992185336,15.38,0.94,6.0,398.7,409.8
SUNRISE RD,519,361.2174933648737,15.33,7.66,27.7,742.9,770.5
E GREEN ST,542,429.2998962673369,15.3,1.57,6.7,411.0,421.4
TURNER PL,183,426.54622906005034,15.23,8.75,37.3,435.8,473.3
HECTOR ST,318,1026.9089827877451,15.2,8.98,92.2,396.5,488.7
CHARLES ST,852,443.24190957447115,15.18,2.61,11.6,522.1,534.6
MITCHELL ST,713,300.1094652956232,15.12,10.8,32.4,647.1,679.5
CLIFF ST,793,344.951263038614,15.08,4.49,15.5,622.4,638.0
HOOK PL,219,863.9283746193246,15.08,9.22,79.7,591.6,671.2
WOODCREST AVE,305,361.7083678149761,15.03,9.33,33.7,720.4,754.2
HILLVIEW PL,181,563.336330842939,14.95,10.3,58.0,519.7,577.7
S CAYUGA ST,797,136.29116219560632,14.95,5.83,7.9,409.3,418.0
E SENECA ST,339,326.1016448509245,14.91,8.02,26.2,414.6,440.7
VALLEY RD,424,1142.908112473968,14.89,7.98,91.2,674.7,765.9
HIGHLAND AVE,280,579.7724621694096,14.83,2.54,14.7,753.4,768.1
TURNER PL,185,435.15309554716964,14.82,11.69,50.9,519.7,570.6
COTTAGE PL,818,249.40218538487602,14.78,8.92,22.2,537.3,559.5
FALL CREEK DR,276,1033.5806276428573,14.76,4.54,46.9,738.9,785.9
Maple Dr -CITY CEMETARY,21,948.5582788197543,14.76,3.56,33.8,550.6,601.6
E BUFFALO ST,369,405.59532171567093,14.71,9.75,39.6,409.9,449.5
WOODCREST TER,434,330.87846780955175,14.7,5.68,18.8,796.7,815.5
PROSPECT ST,38,541.8960955966136,14.68,5.51,29.9,482.9,513.5
CLIFF PARK CIR,524,180.48289202561395,14.55,8.03,14.5,642.9,657.4
HUDSON ST,413,363.52175421440893,14.51,9.61,34.9,512.8,547.7
N TAYLOR PL,558,394.6016699745686,14.51,11.4,45.0,642.3,687.3
MITCHELL ST,715,318.82528121823935,14.49,6.39,20.4,786.4,806.8
MITCHELL ST,353,841.2909198387588,14.44,7.19,60.5,726.0,786.4
VALLEY RD,423,573.4239656263076,14.37,8.39,48.1,626.5,674.7
GILES ST,761,346.05367462336085,14.26,3.48,12.0,516.3,529.5
CORNELL WALK,428,803.0269355358975,14.2,9.22,74.1,695.7,769.7
WILLARD WAY,28,464.12244970814305,14.16,9.87,45.8,582.4,628.2
HOMESTEAD RD,430,714.3837461552725,14.16,8.26,59.0,768.2,827.2
COLLEGE AVE,721,248.89588059864738,14.13,6.44,16.0,694.0,710.1
UNIVERSITY AVE,295,934.9461237709498,14.08,6.19,57.9,524.5,582.4
E STATE ST / M.L.K. JR ST,333,386.4932655623856,14.06,7.27,28.1,523.6,551.7
OXFORD PL,253,437.8545648187375,14.02,6.9,30.2,731.3,761.5
S TITUS AVE,175,282.1864406148572,13.96,0.41,1.1,391.9,394.8
ELM ST,651,904.1147932190352,13.94,6.51,58.9,515.4,574.3
VALLEY RD,429,318.90427791909815,13.88,6.91,22.0,765.9,787.9
UNNAMED ROAD,221,164.23322295250972,13.83,9.74,16.0,506.3,522.3
CAMPUS RD,523,481.55551458269986,13.83,7.0,33.7,733.5,767.2
HOMESTEAD TER,431,686.2050421922988,13.81,4.77,32.7,796.7,829.4
WOODLAND PL,840,217.6830156645329,13.79,0.94,2.1,390.2,395.5
CORNELL AVE,25,1132.5061082327202,13.78,8.66,98.0,524.5,622.5
E SENECA ST,337,651.1183300373631,13.77,6.74,43.9,511.4,555.3
GILES ST,760,786.3340257508281,13.77,10.3,81.0,622.3,703.3
SOUTH AVE,20,697.6883343592518,13.66,8.4,58.6,641.9,700.5
STEWART AVE,748,509.4482821230889,13.66,6.24,31.8,523.6,555.4
STEWART AVE,410,329.9868790772805,13.66,7.82,25.8,555.4,581.2
WESTWOOD KNOLL,238,1070.156759961976,13.47,4.25,45.4,702.1,759.4
GLEN PL,832,331.99890481457567,13.35,3.58,11.9,517.9,530.2
MCGRAW PL,286,960.0253049108352,13.31,1.54,14.7,700.6,734.9
E STATE ST / M.L.K. JR ST,331,434.9231198994812,13.3,6.41,27.9,586.4,614.3
BROOKFIELD RD,9,746.7825074652293,13.26,6.21,46.4,710.3,756.7
HIGHLAND AVE,281,358.192670223494,13.25,5.13,18.4,738.9,757.3
HOLLISTER DR,242,377.5086831484566,13.24,4.74,17.9,737.1,758.5
RIDGEWOOD RD,66,883.3678503318654,13.15,5.31,46.9,691.2,739.3
E STATE ST / M.L.K. JR ST,335,482.2458577556644,13.14,8.33,40.1,421.4,461.6
LINN ST,494,254.7687458433549,13.07,1.02,2.6,408.1,414.6
DEY ST,104,178.7499687716563,13.06,1.12,2.0,388.0,390.0
HAWTHORNE CIR,526,178.5447880229661,13.03,5.73,10.2,667.6,677.8
WESTMOUNT DR,2,678.5907566281062,12.98,5.04,34.2,617.8,652.7
E BUFFALO ST,367,644.6391079052253,12.91,10.56,68.1,513.0,581.1
WILLIAMS GLEN RD,5,330.6650877277598,12.85,6.5,21.5,600.9,622.4
CLIFF PARK RD,777,292.80457696522905,12.84,9.53,27.9,723.9,751.8
WYCKOFF AVE,67,341.63535835818317,12.83,3.06,10.5,785.8,796.3
MITCHELL ST,714,203.55301153998002,12.82,8.7,17.7,679.5,697.2
WEST AVE WB LANE,291,166.5428591377747,12.81,5.22,8.7,697.5,706.2
E STATE ST / M.L.K. JR ST,673,347.12130258594885,12.81,4.96,17.2,703.2,720.4
HUDSON ST,566,454.05362151293406,12.75,8.71,39.5,596.1,635.7
SAGE PL,245,305.29396240473864,12.73,7.05,21.5,494.0,515.5
ELM ST,216,1066.1167275859284,12.73,6.81,72.6,574.3,646.9
PRESIDENTS DR,56,692.8275822516487,12.7,0.0,0.0,834.1,858.3
IRVING PL,254,579.52400276797,12.67,6.91,40.1,711.6,751.7
MITCHELL ST,352,387.7631502829395,12.66,6.93,26.9,697.2,724.0
E LINCOLN ST,77,467.45079645213497,12.63,5.62,26.3,396.1,422.4
S TITUS AVE,179,505.67837755074595,12.51,2.83,14.3,394.3,409.1
E STATE ST / M.L.K. JR ST,332,402.3876793052823,12.51,8.57,34.5,551.7,586.2
UNIVERSITY AVE EB LANE,821,87.88513581909822,12.48,9.31,8.2,578.6,586.8
S CAYUGA ST,173,493.96895819178536,12.48,1.06,5.2,398.8,404.0
EASTWOOD TER,432,329.8901452021703,12.47,7.34,24.2,754.0,778.3
ITHACA RD,717,362.89530715276624,12.45,8.16,29.6,771.9,801.5
UNIVERSITY AVE,44,663.5477826806214,12.38,7.82,51.9,419.0,470.9
HOOK PL,218,613.1808702822897,12.34,8.31,50.9,671.2,722.2
S QUARRY ST,444,415.84090667877246,12.31,5.97,24.8,526.9,552.8
STEWART AVE,745,486.8651113104297,12.29,7.21,35.1,604.2,639.3
UNIVERSITY AVE,284,429.6703298417961,12.23,6.07,26.1,767.4,793.4
DRYDEN RD,357,161.24123107351687,12.19,7.16,11.5,752.7,764.2
S AURORA ST,801,199.21702530115166,12.06,7.85,15.6,678.2,693.8
DRYDEN RD,348,682.9792627341877,12.01,7.32,50.0,686.7,736.7
CAMPUS RD,802,317.9676649658253,12.0,8.77,27.9,705.7,733.5
ORCHARD PL,826,208.13528748896175,11.97,8.49,17.7,623.5,641.2
N CAYUGA ST,97,77.12692535409654,11.94,1.53,1.2,394.2,396.4
HUDSON ST,39,592.9471020868909,11.93,5.71,33.8,733.0,766.9
HECTOR ST,680,930.0455759517613,11.9,8.52,79.3,642.3,721.6
OAK AVE,47,403.20249847463225,11.88,5.68,22.9,792.3,815.9
CLIFF PARK RD,233,1131.153187799284,11.82,8.11,91.7,610.8,702.5
FAIRMOUNT AVE,541,318.88402185967857,11.79,5.64,18.0,771.9,789.8
RIDGEDALE RD,422,826.1163139623536,11.75,7.49,61.9,712.2,774.1
MITCHELL ST,421,311.83851883685963,11.71,4.42,13.8,826.8,840.6
WORTH ST,450,370.1045130365526,11.63,6.25,23.1,797.3,820.4
LINDEN AVE,767,611.8318129280118,11.57,4.64,28.4,679.5,707.9
HUDSON ST,568,174.36202633237295,11.55,9.14,15.9,717.1,733.0
WYCKOFF AVE,29,95.6784354088887,11.53,8.18,7.8,765.5,773.3
ELM ST,215,1076.6867785764832,11.5,6.47,69.7,445.8,515.4
N QUARRY ST,247,738.5448111230421,11.49,7.27,53.7,551.7,605.4
MITCHELL ST,716,310.24981938517755,11.47,6.45,20.0,806.8,826.8
EASTWOOD AVE,433,531.3977080021677,11.4,6.59,35.0,754.1,789.1
S AURORA ST,800,1376.671629859631,11.39,7.3,100.5,577.7,678.2
BARTON PL,283,364.5851577418775,11.37,0.59,2.1,721.6,726.2
W SPENCER ST,642,1298.5302378140968,11.26,1.67,21.7,395.5,419.2
S AURORA ST,387,338.16304768056494,11.24,8.43,28.5,549.2,577.7
DEWITT PL,22,216.8569050288334,11.24,4.38,9.5,536.1,545.6
DRYDEN RD,720,436.7866105056877,11.2,5.93,25.9,790.6,816.5
UNIVERSITY AVE,45,898.7978318250529,11.14,5.96,53.6,470.9,524.5
N TITUS AVE,168,496.9517876874279,11.12,0.55,2.8,395.6,401.7
WAIT AVE,268,620.7245236920669,11.12,3.52,21.9,796.0,820.2
S AURORA ST,386,320.06326768353784,11.1,8.46,27.1,522.1,549.2
HARVARD PL,256,411.0275075605698,11.08,5.12,21.0,760.0,781.0
STEWART AVE,667,462.5596882676033,11.07,3.2,14.8,628.2,643.0
DUNMORE PL,427,222.4523685257755,11.07,7.78,17.3,624.7,642.0
E STATE ST / M.L.K. JR ST,672,407.4828071581712,11.04,3.82,15.6,687.7,704.3
DRYDEN RD,349,875.7581153513502,11.03,2.26,19.8,821.9,844.2
UNIVERSITY AVE,290,740.7066406253792,10.96,9.77,72.3,643.0,715.3
CLIFF ST,317,1974.9131730263343,10.89,3.24,63.9,400.1,464.0
RICHARD PL,655,232.069617426636,10.82,3.28,7.6,770.5,778.2
ONEIDA PL,501,205.08904740203772,10.81,1.33,2.7,813.2,815.9
HAWTHORNE PL,446,821.3202116095235,10.78,6.67,54.8,648.0,702.8
HUDSON ST,565,1061.0816357646038,10.77,7.67,81.4,635.7,717.1
HECTOR ST,316,960.1150407443004,10.73,6.78,65.1,577.2,642.3
PEARSALL PL,447,717.0012335135191,10.71,4.55,32.6,670.2,702.8
COLLEGE AVE,244,664.6823291744636,10.69,4.01,26.7,740.6,767.4
DRYDEN RD,358,724.6043390933281,10.69,3.83,27.8,816.5,844.2
STEWART AVE,676,544.269280749868,10.69,0.14,0.8,645.8,650.0
WOODCREST AVE,435,1086.5356241260004,10.65,6.15,66.8,796.8,863.5
PROSPECT ST,384,609.3777546701506,10.64,7.7,46.9,436.0,482.9
STEWART AVE,786,529.3807926491326,10.59,3.16,16.7,621.2,639.8
N QUARRY ST,657,328.03496053999055,10.57,6.0,19.7,605.4,625.1
PLEASANT ST,37,669.2507634202711,10.55,3.82,25.6,522.1,547.7
OAK AVE,571,876.5732565105762,10.54,6.05,53.1,740.0,793.0
ITHACA RD,356,711.9742951744158,10.48,6.0,42.7,801.5,844.2
ELMWOOD AVE,503,575.6866575669621,10.46,3.57,20.5,765.9,786.4
E STATE ST / M.L.K. JR ST,304,858.0917741989779,10.45,4.66,40.0,647.7,687.7
CHESTNUT ST,654,892.244084451169,10.45,0.13,1.2,522.9,529.5
ROBERTS PL,277,637.4824325562427,10.44,4.85,30.9,749.9,781.0
CHESTNUT ST,222,661.8657540324403,10.4,0.48,3.2,523.4,535.3
CAMPUS RD,63,734.902835091144,10.39,7.86,57.8,647.9,705.7
CLIFF PARK RD,482,338.2400924757493,10.31,6.33,21.4,702.5,723.9
E SPENCER ST,187,846.1213818860871,10.31,3.83,32.4,403.6,436.0
ITHACA RD,425,305.84595471658525,10.28,3.87,11.8,712.1,724.5
OAKWOOD LA,8,639.3021414836045,10.28,2.55,16.3,763.5,780.4
DEARBORN PL,262,453.5405302554905,10.2,3.6,16.3,821.0,837.5
CRADIT FARM DR,275,1705.1974839311547,10.2,5.24,89.3,797.2,886.5
BRYANT AVE,258,342.2729728953848,10.19,1.26,4.3,759.9,767.0
STEWART AVE,282,883.3392013335499,10.17,3.06,27.0,645.8,674.3
HILLVIEW PL,35,668.8332251110616,10.13,2.75,18.4,577.7,598.0
CAMPUS RD NB LANE,812,125.64950164495006,10.09,7.54,9.5,638.5,648.0
HALLER BLVD,217,1165.0175433145046,10.06,6.46,75.3,646.9,722.2
LINDEN AVE,257,838.6447634785525,10.0,5.34,44.8,707.9,752.7
DELAWARE AVE,252,571.8664528833843,9.98,6.0,34.3,697.0,731.3
E STATE ST / M.L.K. JR ST,755,566.2079279215893,9.97,2.17,12.3,614.3,626.6
HUDSON ST,749,336.9587291825038,9.91,8.24,27.8,568.4,596.1
CASCADILLA AVE,96,358.5685721722204,9.89,2.13,7.6,401.0,408.7
CAMPBELL AVE,1,480.7399913883731,9.88,4.02,19.3,668.0,687.3
GARDEN AVE,866,618.7719971137735,9.84,1.67,10.4,863.6,880.1
RESERVOIR AVE,31,261.67745104064693,9.83,2.14,5.6,868.4,874.0
QUEEN ST,577,319.0684399320406,9.83,4.7,15.0,395.7,410.7
RICHARD PL,231,354.4124709575664,9.82,3.69,13.1,710.8,723.9
EDDY ST,365,561.0104758355615,9.8,6.14,34.4,586.5,621.0
HECTOR ST,675,1736.7450104661193,9.79,5.88,102.1,721.6,823.7
EDGEWOOD PL,833,208.5463673112797,9.76,3.74,7.8,586.2,594.0
MARY ANN WOOD DR,62,744.6317536683057,9.75,1.49,11.1,649.5,663.8
SOUTH HILL TER,182,652.8285789309319,9.71,0.24,1.6,484.0,494.6
BRINDLEY ST,649,101.37910955048305,9.69,0.44,0.4,388.1,389.9
RICHARD PL,232,876.8544954712236,9.68,5.31,46.6,723.9,770.5
OAK AVE,570,863.8121836393143,9.67,3.28,28.3,815.9,844.2
ELMWOOD AVE,751,484.89186866932084,9.67,2.4,11.7,789.8,804.8
W VILLAGE PL,521,949.784039811276,9.64,2.63,25.0,549.3,574.3
STATLER HOTEL DRIVEWAY,531,312.9670189764422,9.64,0.0,0.0,822.9,826.6
HALLER BLVD,862,656.7765692205506,9.63,4.52,29.7,722.2,751.8
OAK AVE EB LANE,359,51.256926229094326,9.59,7.43,3.8,736.2,740.0
HUDSON ST,750,323.91204440044487,9.54,6.38,20.7,547.7,568.4
CLIFF ST,679,1997.9326233917413,9.53,5.3,106.0,516.4,622.4
CAMPBELL AVE,562,1131.3125190390542,9.52,1.0,11.4,710.2,731.7
EDDY ST,711,334.8930524450775,9.52,8.05,27.0,646.2,673.1
CAMPUS RD,52,483.6398367613814,9.5,5.19,25.1,824.3,849.3
CRESCENT PL,567,475.1547240782818,9.48,3.44,16.3,618.3,635.6
CLIFF ST,681,1067.9213468960543,9.42,4.91,52.4,464.0,516.4
WEST AVE,505,250.02409432396314,9.36,4.02,10.0,670.6,680.6
HUDSON PL,191,1162.1060275835323,9.34,3.85,44.7,732.9,777.6
CAMPUS RD,51,941.0866337174722,9.33,6.06,57.0,767.2,824.3
CAMPUS RD SB LANE,865,143.14894940008298,9.31,7.48,10.7,637.2,647.9
SPENCER RD,770,1855.3503810691966,9.3,0.48,8.9,395.8,407.6
WORTH ST,418,307.032485079342,9.28,5.06,15.5,820.4,836.0
DEARBORN PL,659,394.6972921435749,9.28,6.34,25.0,796.0,821.0
FAIRMOUNT AVE,415,472.97659405676336,9.28,5.63,26.6,789.8,816.5
WARREN PL,236,436.72708978085484,9.27,3.32,14.5,780.7,795.3
OSMUN PL,409,264.1426888421947,9.27,2.88,7.6,584.2,591.8
PENNSYLVANIA AVE,530,208.62476500279053,9.25,5.5,11.5,749.1,760.6
ELMWOOD AVE,500,333.1216511915712,9.24,0.74,2.5,790.6,798.6
IRVING PL,355,309.7716242116065,9.24,3.37,10.4,751.1,762.2
WARREN PL,230,727.0505240793955,9.24,5.56,40.4,702.4,742.9
THURSTON AVE,662,696.2878992475532,9.21,4.08,28.4,757.4,785.9
ITHACA RD,354,743.7343081075602,9.17,6.43,47.8,724.0,771.9
CHESTNUT ST,794,162.00696073742114,9.14,0.58,0.9,526.1,528.4
E STATE ST / M.L.K. JR ST,674,667.8102465722945,9.11,4.46,29.8,720.4,750.2
CHI PSI DRIVEWAY,287,450.25569577470105,9.1,1.75,7.9,757.5,767.4
ELMCREST CIR,480,262.788384074158,9.02,6.26,16.5,612.0,628.4
MILLER ST,752,307.1561840003876,9.0,5.71,17.5,836.2,853.7
COLUMBIA ST,36,639.168440536116,8.97,2.96,18.9,549.2,569.5
SAGE PL,246,185.46848595379686,8.8,5.29,9.8,515.5,525.3
EDDY ST,723,436.82798376156813,8.75,5.77,25.2,621.0,646.2
EASTWOOD AVE,756,367.57467162276834,8.65,4.05,14.9,727.8,742.7
THURSTON AVE,664,516.2118648968345,8.65,6.76,34.9,722.6,757.4
GRANDVIEW AVE,190,601.2343012780522,8.62,3.74,22.5,694.6,717.1
N WILLARD WAY,26,652.4278678695516,8.52,1.79,11.7,598.9,610.6
CHESTNUT ST,220,385.49560441851503,8.51,3.14,12.1,515.4,527.5
TAYLOR PL,227,333.3198643304832,8.46,3.99,13.3,633.8,647.1
OAKWOOD LA,7,836.7452056810748,8.43,3.89,32.5,747.2,780.4
WARREN PL,235,748.9367601173828,8.43,5.05,37.9,742.9,780.7
GRANDVIEW CT,189,472.2998042737329,8.41,0.97,4.6,686.0,694.6
EDDY ST,709,72.33590301236075,8.4,5.58,4.0,686.7,690.7
ELMWOOD AVE,486,586.8724723718535,8.37,2.57,15.1,786.4,801.5
MAPLE AVE,46,832.416689248474,8.37,4.45,37.0,844.2,881.3
NYS RTE 13 SB,512,1301.8698926993309,8.36,0.16,2.0,388.0,397.5
DRYDEN RD,351,417.5762632598421,8.25,1.54,6.4,822.8,830.9
NYS RTE 13 NB,513,1306.7119653346099,8.24,0.15,1.9,388.0,397.6
LLENROC CT,529,440.0092301224875,8.21,3.03,13.3,596.2,609.5
E STATE ST / M.L.K. JR ST,689,845.3164548396456,8.19,2.5,21.2,626.6,647.7
WARREN PL,237,759.3899066064965,8.18,3.56,27.0,795.3,822.5
DRYDEN RD,718,277.59201994268886,8.16,5.77,16.0,736.7,752.7
HANCOCK ST,120,80.99332808739521,8.1,0.34,0.3,388.0,390.0
HECTOR ST,319,1651.2026984374836,8.08,4.2,69.3,507.9,577.2
LINN ST,310,206.77418657192652,8.07,3.0,6.2,394.7,400.9
WILLOW AVE,119,386.3307353438993,8.03,0.77,3.0,389.0,392.0
JAMES ST,853,399.999227260629,8.03,3.2,12.8,509.3,522.1
KING ST,80,336.2359450750175,7.98,3.24,10.9,390.0,400.9
ELMIRA RD,476,603.2190146600459,7.95,1.18,7.1,388.0,395.1
GILES ST,441,1854.8780905332908,7.95,1.4,26.0,481.6,517.5
FALLVIEW TER,6,663.6952882491343,7.92,1.77,11.8,652.7,669.8
TAYLOR PL,224,343.31955547150744,7.92,2.96,10.2,623.6,634.2
TRIPHAMMER RD,261,303.67411442323015,7.87,3.34,10.2,817.9,828.0
KELVIN PL,264,537.1733830537322,7.84,1.72,9.2,811.7,825.4
CORNELL ST,489,738.7219680571943,7.83,2.68,19.8,768.1,787.9
BLAIR ST,249,784.3255860335227,7.77,4.99,39.1,621.4,660.5
FEENEY WAY,59,875.222382574174,7.76,2.24,19.6,809.2,828.7
TREVA AVE,439,368.0541375607143,7.74,2.36,8.7,615.1,625.2
SPENCER RD,647,668.0233868481687,7.73,1.28,8.5,397.2,405.8
PROGRAM HOUSE DR,273,258.36272068478644,7.72,3.23,8.3,886.5,894.8
TOWER RD,57,806.925391583686,7.7,3.61,29.1,828.7,857.9
S AURORA ST,43,261.1231368641546,7.69,1.2,3.1,416.9,420.0
DRYDEN RD EB LANE,807,287.6031586092128,7.68,0.02,0.1,824.4,826.4
SAGE AVE,241,487.5829813066616,7.67,2.67,13.0,785.4,798.4
W SPENCER ST,644,607.4937970974466,7.66,0.33,2.0,420.1,426.4
N TAYLOR PL,239,419.3527919300736,7.65,0.45,1.9,702.1,712.6
TAUGHANNOCK BLVD,548,1599.0508564867912,7.65,1.05,16.7,388.1,405.3
WYCKOFF AVE,660,758.0100428466454,7.64,3.1,23.5,773.3,796.8
GILES ST,411,1030.2310057029317,7.63,0.77,7.9,488.3,499.4
DELAWARE AVE,658,558.3387438963633,7.59,5.12,28.6,731.3,759.9
CRESCENT PL,445,885.4700633215521,7.57,3.41,30.2,619.3,649.5
WORTH ST,419,309.5909730676642,7.57,4.68,14.5,836.0,850.5
FAIRVIEW SQ,855,443.4248368618877,7.5,1.23,5.5,848.3,853.7
GOTHICS WAY,839,1103.0439662710005,7.49,2.21,24.4,669.1,697.2
PARK RD,516,903.2216284544124,7.46,1.33,12.1,385.5,400.1
COLLEGE AVE,363,476.24315208060585,7.41,5.58,26.6,710.1,736.7
GRANDVIEW AVE,643,429.115570112124,7.35,3.83,16.4,677.9,694.6
TAYLOR PL,481,317.16166126327863,7.34,2.83,9.0,591.6,600.6
TAYLOR PL,225,581.6868227149419,7.33,3.96,23.0,600.6,623.6
AG SCHOOL DRIVEWAY,54,216.6254414739526,7.21,2.57,5.6,882.0,888.0
W BUFFALO ST,525,126.56355526751685,7.16,1.63,2.1,398.0,400.1
LODGE WAY,838,424.20114349498834,7.15,2.53,10.7,773.2,784.0
FOUNTAIN PL,830,320.45178972461554,7.09,2.49,8.0,471.2,479.7
CAMPUS RD,50,1290.4964794743116,7.06,2.22,28.7,849.3,879.1
KELVIN PL,564,185.95871955578542,7.05,1.77,3.3,821.0,824.8
UNIVERSITY AVE,285,1062.3823179728104,7.01,1.61,17.1,793.4,811.0
TRIPHAMMER RD,260,443.7387738893445,7.01,2.1,9.3,828.0,841.3
E COURT ST,739,316.6078901853821,7.0,2.92,9.3,408.0,417.3
HIGHLAND AVE,563,463.1163124640978,6.99,1.04,4.8,768.1,777.0
WEST AVE,288,1220.1897071034023,6.98,0.79,9.6,697.6,715.3
LAKE AVE,621,578.8729422146191,6.98,1.0,5.8,390.4,396.2
STATLER DR,532,443.95139153200716,6.93,0.52,2.3,824.3,831.2
FALL CREEK DR,665,504.5575382906158,6.9,2.82,14.2,724.7,738.9
PEARL ST,487,428.2082039215359,6.79,2.31,9.9,840.6,850.5
MAPLE GROVE PL,416,213.26854113624955,6.66,2.41,5.1,823.1,828.3
W STATE ST/ M. L. K. JR ST,810,145.1341678898697,6.65,0.62,0.9,388.7,390.0
SISSON PL,259,644.8908221441736,6.65,3.6,23.2,828.0,851.2
MILLER ST,417,310.4820892598338,6.64,2.65,8.2,828.0,836.2
CORNELL ST,490,477.934050070828,6.63,3.4,16.3,828.0,844.2
W BUFFALO ST,379,158.4912833943071,6.62,0.1,0.2,389.0,390.0
FEENEY WAY,58,1472.8697740098044,6.59,1.23,18.2,810.6,833.2
NORTHCROSS RD,270,358.32380424165274,6.56,3.57,12.8,851.2,864.0
TAUGHANNOCK BLVD,817,526.6707677047159,6.52,1.36,7.2,387.4,397.5
CORNELL ST,781,643.493516154298,6.48,2.92,18.8,787.9,807.8
PARK ST,203,512.6696054550894,6.48,1.14,5.9,388.0,393.9
EDGECLIFF PL,834,118.84509661156378,6.47,0.78,0.9,627.3,629.9
OAK AVE WB LANE,361,85.21852980732127,6.4,2.82,2.4,737.6,740.4
DRYDEN CT,854,152.59424331701427,6.39,3.89,5.9,748.1,754.0
THURSTON AVE,269,766.6254739757287,6.32,1.32,10.1,785.9,797.1
E FALLS ST,460,529.5064289242641,6.31,2.27,12.0,396.0,408.0
CORNELL ST,780,381.54568110840023,6.27,3.56,13.6,806.3,820.3
WILLOW AVE,118,397.7599262302865,6.23,0.24,1.0,388.7,390.0
E GREEN TO E SENECA CONNECTOR,471,263.247130611911,6.23,0.45,1.2,418.2,420.0
PEARL ST,753,343.00163617776514,6.17,0.95,3.3,850.5,854.5
WARREN PL,229,858.7874355977676,6.17,3.63,31.2,670.8,702.4
CHESTNUT ST,653,1868.4920866829239,6.14,1.14,21.3,486.0,515.4
WAIT AVE,266,226.64374868002818,6.11,2.68,6.1,811.8,817.9
SOUTH HILL TER,641,388.9948272792501,6.08,1.79,7.0,478.6,485.6
COBB ST,488,410.27357747840557,6.06,2.25,9.2,826.8,836.6
RPCC LOADING DOCK,271,368.0208367764988,6.04,2.6,9.6,851.2,860.8
SENECA WAY,472,665.4066894109429,6.04,1.7,11.3,414.6,425.9
FOREST HOME DR,64,2143.7714401581625,6.04,0.38,8.1,810.6,828.3
W YORK ST,73,430.89296235525757,6.01,0.14,0.6,388.0,390.1
W BUFFALO ST,378,98.27054160991236,6.0,2.09,2.1,387.4,389.5
RISLEY DR,856,360.0795820545738,5.96,0.41,1.5,795.8,797.5
EASTWOOD AVE,759,441.6040538832935,5.91,2.59,11.5,742.6,754.1
FOREST PARK LA,448,391.83746865986086,5.9,1.32,5.2,674.8,680.1
LINN ST,768,185.8473979005665,5.87,3.76,7.0,400.9,407.9
SCIENCES DR,485,371.8470528643706,5.86,1.79,6.6,861.8,868.8
GARDEN AVE,240,852.9606552499788,5.83,1.0,8.5,847.7,857.9
WORTH ST,420,208.0399907172597,5.83,4.04,8.4,850.5,858.9
GARDEN AVE,32,711.6436318676086,5.8,2.27,16.1,857.9,874.0
BRYANT AVE,255,1121.865848271797,5.79,1.06,11.9,759.9,771.8
LAKE AVE,133,393.8114113192217,5.73,0.13,0.5,388.3,390.2
CASCADILLA AVE,94,682.2352184970616,5.72,0.68,4.6,396.4,401.0
S ALBANY ST,475,526.4335814251984,5.61,0.02,0.1,392.0,393.9
DONLON HALL LOOP,272,360.7444840547857,5.6,2.52,9.1,849.4,858.5
ELMWOOD AVE,414,696.7593392845121,5.49,0.1,0.7,781.0,790.6
COBB ST,778,342.8415904162466,5.47,0.06,0.2,836.0,837.7
W STATE ST/ M. L. K. JR ST,706,313.54919486348183,5.46,0.35,1.1,388.0,390.0
LAKE AVE,620,391.14338097539496,5.37,0.07,0.3,389.5,392.0
STEWART AVE,294,1125.2213742927995,5.34,1.81,20.4,622.0,643.0
WAIT AVE,506,494.6846819621472,5.3,3.63,18.0,778.4,796.3
E CLINTON ST,784,178.08973711088225,5.26,1.47,2.6,404.0,407.9
DICKSON LOADING DOCK,267,439.1411886658292,5.25,1.0,4.4,840.2,845.8
S PLAIN ST,165,123.62169417285709,5.22,1.61,2.0,390.0,392.0
CASS PARK,547,592.5454116669059,5.21,0.43,2.6,386.0,388.6
SPENCER RD,545,4174.5162357157305,5.2,0.0,0.1,400.0,422.1
RICHARD PL,234,500.6180285640497,5.18,0.53,2.6,778.1,783.6
WESTFIELD DR,226,247.93325420933803,5.15,1.27,3.1,565.6,569.5
WILLETS PL,829,303.644391174126,5.15,0.63,1.9,490.7,495.2
TAUGHANNOCK BLVD,540,183.48400688677384,5.15,0.91,1.7,388.0,389.7
S MEADOW ST,195,705.7973542607253,5.12,1.3,9.2,388.0,397.2
LINN ST,677,461.10613135282364,5.11,1.02,4.7,390.0,394.7
N CAYUGA ST,808,499.46676299047226,5.1,0.2,1.0,390.0,394.0
BRANDON PL,426,511.6548282147393,5.07,1.05,5.4,641.2,647.4
S GENEVA ST,186,614.8312945810802,5.02,0.12,0.7,394.1,397.3
BRINDLEY ST,209,217.07427368776922,4.99,0.65,1.4,388.0,390.0
E STATE ST / M.L.K. JR ST,341,380.7821479653514,4.99,0.56,2.1,416.9,420.0
MADISON ST,454,80.88721479376223,4.9,1.89,1.5,388.0,390.2
WAIT AVE,265,412.144331088602,4.88,3.75,15.4,796.3,811.8
FLORAL AVE,382,1426.6191405597947,4.88,1.11,15.8,395.7,412.5
N CAYUGA ST,738,325.6549611885521,4.83,0.61,2.0,404.0,406.8
SCIENCES DR,30,580.6837469580237,4.74,0.36,2.1,868.1,870.6
N AURORA ST,311,400.0769869915506,4.69,1.42,5.7,390.0,396.0
S MEADOW ST,776,216.75343945700482,4.68,0.39,0.8,388.5,390.0
CENTRAL AVE,60,1232.4761862290568,4.66,0.53,6.5,786.9,797.2
WILLOW AVE,117,391.14198826886707,4.64,0.5,2.0,388.0,390.0
WYCKOFF AVE,68,191.24504491408283,4.6,0.27,0.5,796.3,797.6
BRINDLEY ST,648,243.16174949871694,4.59,0.4,1.0,388.0,389.0
MITCHELL ST,754,209.26897085450955,4.58,2.54,5.3,840.6,845.9
PEARSALL PL,34,264.08229250523436,4.57,0.06,0.2,702.8,705.3
LINN ST,449,637.6443804224281,4.47,2.82,18.0,401.0,419.0
COLLEGE AVE,360,399.88281700227645,4.45,0.27,1.1,735.6,739.2
W SENECA ST,703,166.17203600333892,4.4,0.07,0.1,389.1,390.0
ELMIRA CIR,473,283.9743278777041,4.34,0.0,0.0,393.9,397.2
KITE HILL PARKING LOT,48,991.7181711909479,4.31,0.62,6.1,878.0,885.2
N MEADOW ST NB,823,117.09109603391437,4.27,0.31,0.4,391.5,392.0
N MEADOW ST NB,101,322.2716276789373,4.2,0.47,1.5,389.1,391.5
LINN ST,404,170.2413630082437,4.19,0.12,0.2,416.8,418.0
N MEADOW ST SB,103,321.40752668849467,4.12,0.69,2.2,389.7,391.9
TOWER RD,53,311.67928182520654,4.12,0.17,0.5,882.0,883.2
S TITUS AVE,174,604.8388971286867,4.1,0.61,3.7,390.0,393.7
SOUTHWEST PARK RD,804,1180.9037343423888,4.03,0.33,3.9,388.4,392.7
E STATE ST / M.L.K. JR ST,543,95.71497635023863,4.02,2.54,2.4,419.0,421.4
JAMES L GIBBS DR,484,745.1438178807103,3.94,0.17,1.3,387.6,390.8
RESERVOIR AVE,33,500.82822945724126,3.92,1.06,5.3,874.0,879.5
TOWER RD,55,990.8448809432709,3.91,2.44,24.1,857.9,882.0
S AURORA ST EB LANE,815,137.90118754825778,3.84,0.84,1.2,418.0,419.2
LINN ST,813,73.5407492652557,3.78,2.15,1.6,417.5,419.0
W STATE ST/ M. L. K. JR ST,698,266.3241696533494,3.77,0.75,2.0,400.0,402.0
CAYUGA LAKE ACCESS ROAD,560,1736.19438281885,3.76,0.11,1.9,384.7,390.5
CORNELL ST,779,348.683145296499,3.74,2.2,7.7,820.3,828.0
W SENECA ST,556,292.12606626578065,3.71,0.37,1.1,388.0,389.1
W YATES ST,455,122.24325988826479,3.65,1.09,1.3,388.7,390.5
E COURT ST,740,594.6592371520082,3.62,0.5,3.0,400.8,403.8
FAIR ST,789,172.42667633443043,3.6,0.85,1.5,388.0,389.5
OAK AVE EB LANE,819,19.133385060207686,3.51,3.16,0.6,735.6,736.2
W BUFFALO ST,381,469.6887731677746,3.5,0.49,2.3,387.1,390.0
N TIOGA ST,401,406.1209701635113,3.49,0.97,3.9,396.6,402.0
TAUGHANNOCK BLVD,214,1096.7322639617623,3.46,0.26,2.8,384.0,388.8
W CLINTON ST WB LANE,326,104.92942746420411,3.45,1.21,1.3,388.0,389.3
W BUFFALO ST,725,241.6659760054746,3.44,0.67,1.6,388.0,389.6
N AURORA ST,392,569.2543988380734,3.43,1.92,10.9,397.3,408.2
N MEADOW ST NB,511,805.0985791146812,3.37,0.48,3.9,388.0,391.9
S CAYUGA ST,172,638.3040831895751,3.36,0.5,3.2,404.0,407.2
LINN ST,765,412.97562245402935,3.35,0.61,2.5,392.0,394.5
CODDINGTON RD,192,1585.8323314271443,3.33,1.09,17.4,767.3,784.6
CECIL A MALONE DR,479,403.50617945064596,3.25,0.23,0.9,388.0,388.9
WEGMANS DRIVEWAY,857,478.8971443744956,3.24,0.0,0.0,388.0,389.8
W STATE ST/ M. L. K. JR ST,210,423.38756807981935,3.22,0.17,0.7,388.0,390.0
W CLINTON ST EB LANE,478,116.93979507563915,3.18,0.32,0.4,388.9,390.0
CASCADILLA AVE,492,698.2766091473563,3.18,0.77,5.4,394.7,401.5
JESSUP RD,528,176.21477171950195,3.1,1.44,2.5,837.2,839.9
LINN ST,764,420.52737156910155,3.06,1.55,6.5,394.5,401.0
LAKE ST,71,516.423078334353,2.96,0.61,3.1,395.2,398.7
TABER ST,208,526.4376929744993,2.94,0.36,1.9,386.1,388.0
N CAYUGA ST,732,463.50247926633887,2.9,0.7,3.2,392.0,395.8
N TITUS AVE,170,292.2807008167155,2.84,0.69,2.0,393.9,396.0
W SENECA ST,803,240.99065030890915,2.84,0.49,1.2,388.0,389.2
SCHUYLER PL,14,329.734633971332,2.81,0.45,1.5,510.9,512.9
E SENECA ST,692,72.45474989593205,2.78,1.65,1.2,413.4,414.6
S MEADOW ST,775,810.8315301240024,2.76,0.25,2.0,388.0,390.0
ELMIRA RD,196,2303.273944608553,2.76,0.75,17.3,390.0,407.3
LINN ST,766,415.58208561732727,2.74,0.48,2.0,390.0,392.0
S ALBANY ST,474,376.64816634668097,2.73,0.73,2.7,392.0,395.3
N TIOGA ST,95,47.597444333066385,2.7,0.93,0.4,400.3,401.0
W STATE ST/ M. L. K. JR ST,799,340.01633486417506,2.7,0.59,2.0,388.0,390.0
FARM ST,92,331.37433239614325,2.67,1.13,3.7,397.3,401.0
N AURORA ST,393,239.07933879079246,2.65,0.28,0.7,408.0,409.2
N MEADOW ST SB,510,815.2141547525849,2.63,0.49,4.0,388.0,392.0
E FALLS ST,670,325.03089233333793,2.62,1.06,3.4,392.6,396.0
S GENEVA ST,160,692.8664212677711,2.57,0.62,4.3,395.9,400.3
E COURT ST,405,316.72572648490603,2.55,1.33,4.2,403.8,408.0
S MEADOW ST,685,317.98426369267315,2.53,0.37,1.2,388.0,389.2
N CAYUGA ST,402,471.7102779096024,2.5,0.68,3.2,400.8,404.0
WOOD ST,204,220.98171394193162,2.5,1.63,3.6,392.0,395.6
N TIOGA ST,585,402.9686325124893,2.49,0.69,2.8,401.0,403.8
W STATE ST/ M. L. K. JR ST,693,464.30796327939476,2.49,1.29,6.0,402.0,408.0
N TITUS AVE,171,608.4832807919737,2.47,0.34,2.1,391.7,394.0
STEWART PARK TURNAROUND,535,448.77771017555534,2.46,0.0,0.0,384.1,386.0
GUSSIE ST,847,531.0860832890119,2.39,0.0,0.0,391.7,394.0
W SENECA ST,306,441.9872547437172,2.37,0.12,0.6,387.4,388.0
N CAYUGA ST,668,1578.0524310361282,2.37,0.23,3.7,387.2,391.7
N ALBANY ST,145,467.65662349797196,2.37,0.51,2.4,396.8,399.2
ELMIRA RD,645,1013.2971608464308,2.36,0.32,3.3,403.9,409.1
N TIOGA ST,403,328.9500657681923,2.34,1.0,3.3,407.3,410.6
N AURORA ST,390,326.13072825691177,2.33,1.05,3.4,409.9,413.4
FLORAL AVE,726,3546.510927543669,2.32,0.03,1.0,392.8,400.9
N FULTON ST,322,475.90805990364794,2.28,0.32,1.5,386.5,388.0
CENTER ST,788,263.8044229875004,2.26,0.77,2.0,392.0,394.0
MONROE ST,618,321.8394183919483,2.25,0.37,1.2,390.5,392.0
TAUGHANNOCK BLVD,211,671.4846854147559,2.21,0.21,1.4,386.0,388.8
N AURORA ST,389,315.24908592071944,2.2,1.12,3.5,413.4,416.9
MADISON ST,599,323.47256709161155,2.13,0.2,0.6,389.6,391.3
TAUGHANNOCK BLVD,517,1336.1685281501123,2.13,0.01,0.1,386.2,388.0
FIRST ST,132,406.8455295054217,2.1,0.74,3.0,391.7,394.7
E LINCOLN ST,575,323.4825209855643,2.07,0.92,3.0,393.1,396.1
HANCOCK ST,121,307.1197007036706,2.06,0.64,2.0,388.0,390.0
FAYETTE ST,155,639.66161150264,2.02,0.38,2.5,395.5,398.0
W GREEN ST,344,463.4184751975775,1.98,0.97,4.5,402.7,407.2
N CAYUGA ST,737,732.052273410859,1.97,0.6,4.4,396.4,400.8
W CLINTON ST,731,265.23171956581746,1.95,0.98,2.6,397.7,400.3
NYS RTE 13 NB,514,2210.989182069741,1.95,0.35,7.7,386.7,397.9
GARDNER PKWY,538,205.4912232753192,1.94,0.9,1.8,386.0,387.8
W CLINTON ST,383,464.95096294877715,1.92,0.79,3.7,400.3,404.0
THURSTON AVE,661,466.11295998144124,1.92,0.85,4.0,795.6,800.0
GARDNER PKWY,537,208.99436832843864,1.92,0.73,1.5,386.0,387.6
S ALBANY ST,154,639.9467696848512,1.9,0.34,2.1,397.7,399.9
W COURT ST,741,466.81908590606974,1.88,0.57,2.7,398.1,400.8
W SENECA ST,699,264.36091700345685,1.87,1.08,2.8,400.0,402.8
PIER RD,112,652.8797926620022,1.86,0.51,3.4,384.6,388.0
S ALBANY ST,167,390.569636563833,1.85,0.2,0.8,393.2,394.0
MADISON ST,601,332.2216461138992,1.85,0.07,0.2,388.0,389.4
N GENEVA ST,622,730.1512087081979,1.84,0.54,3.9,394.2,398.1
ELMIRA RD,646,1119.3200472156714,1.84,0.18,2.0,388.0,390.0
RUNWAY LA,553,186.1001960552774,1.84,0.55,1.0,386.2,387.2
HANCOCK ST,598,324.6483641248788,1.84,0.52,1.7,388.0,390.0
W SENECA ST,700,595.1831031115798,1.83,0.67,4.0,396.0,400.0
NYS RTE 13 SB,515,2364.811243882802,1.82,0.23,5.5,386.3,396.9
W GREEN ST,694,264.67321833731097,1.8,1.07,2.8,399.9,402.7
S MEADOW ST,327,331.3861012374605,1.79,0.42,1.4,388.1,389.6
W COURT ST,407,595.4602637707435,1.79,0.64,3.8,393.1,396.8
W COURT ST,406,265.0591894865999,1.79,0.49,1.3,396.8,398.1
E BUFFALO ST,371,595.4046182287619,1.78,0.55,3.3,404.0,407.3
REUBEN ST,844,1089.7399314961697,1.78,0.0,0.0,390.6,394.0
MARY ST,849,200.1740294176288,1.75,0.52,1.0,388.0,389.0
N TIOGA ST,314,163.09983660430294,1.74,0.99,1.6,390.1,391.7
TURTLE LA,805,1692.1506375506845,1.7,0.15,2.6,386.5,390.6
N CAYUGA ST,41,316.7165752424736,1.7,0.63,2.0,406.0,408.0
W SENECA ST,342,468.75982130533265,1.7,0.67,3.2,402.8,406.0
CHERRY ST,207,939.9558345540755,1.7,0.2,1.9,386.1,388.0
THIRD ST,507,1217.818686845748,1.67,0.04,0.5,384.3,386.5
N PLAIN ST,628,333.6331628606077,1.66,0.4,1.3,394.7,396.0
CASCADILLA ST,98,466.69387619072165,1.66,0.47,2.2,394.2,396.4
S GENEVA ST,634,331.1343219998049,1.65,0.21,0.7,402.0,403.2
WOOD ST,200,594.2868410302846,1.64,0.67,4.0,388.0,392.0
E SENECA ST,340,593.4754671418569,1.64,0.77,4.6,406.0,410.6
N PLAIN ST,627,331.2204941154737,1.61,0.32,1.0,392.0,393.4
E SENECA ST,691,316.90885896975414,1.61,0.88,2.8,410.6,413.4
WILLOW AVE,102,946.0913577455227,1.6,0.18,1.7,386.1,389.7
S PLAIN ST,771,415.2025368630526,1.6,0.48,2.0,388.0,390.0
W GREEN ST,705,597.9144888761468,1.57,0.83,5.0,388.1,393.1
N MEADOW ST,687,313.4770714101956,1.57,0.49,1.5,388.0,389.5
MARY ST,851,269.97787017414237,1.56,0.28,0.8,391.2,392.0
W CLINTON ST,729,333.8735041188405,1.56,0.95,3.2,392.4,395.6
CASCADILLA ST,588,596.2095879634445,1.53,0.51,3.0,390.3,393.3
S GENEVA ST,153,640.0249971206002,1.52,0.37,2.4,400.3,403.5
N AURORA ST,394,418.518026774419,1.52,0.79,3.3,394.0,397.3
ESTY ST,139,596.3109024534571,1.52,0.53,3.2,392.0,395.2
FAYETTE ST,639,440.0862408354001,1.5,0.81,3.5,392.0,395.5
UTICA ST,467,415.7088003273318,1.5,0.81,3.4,392.7,396.1
W SENECA ST,701,596.8827559118467,1.5,0.67,4.0,392.0,396.0
UTICA ST,466,416.5384431441087,1.5,0.66,2.7,390.0,392.7
N MEADOW ST SB,822,110.29622624841573,1.5,0.08,0.1,391.9,392.0
MARY ST,850,292.2776762887614,1.48,0.26,0.8,391.0,392.0
N GENEVA ST,630,466.06829902128266,1.47,0.62,2.9,398.1,401.0
S ALBANY ST,159,439.7787335518815,1.47,0.84,3.7,394.0,397.7
W STATE ST/ M. L. K. JR ST,697,593.3515557725233,1.47,0.67,4.0,396.0,400.0
STEWART PARK RD,536,1321.1518669226245,1.46,0.11,1.5,384.5,386.0
TAUGHANNOCK BLVD,546,1177.5161011346029,1.45,0.08,1.0,386.0,388.0
FARM ST,583,590.9870263076111,1.45,0.25,1.5,395.2,396.9
N TIOGA ST,400,416.8523987540776,1.44,0.78,3.2,393.4,396.6
SEARS ST,470,561.193779929629,1.44,0.71,4.0,398.0,402.0
W BUFFALO ST,376,595.4456847537137,1.43,0.76,4.5,394.7,399.2
COVE LA,518,786.7325058123726,1.43,0.13,1.0,384.5,386.3
N PLAIN ST,144,469.3609434850609,1.43,0.35,1.6,392.9,394.8
SOUTHWEST PARK RD,820,386.81095315563186,1.42,0.4,1.6,388.3,390.0
GUSSIE ST,846,1389.4699463724232,1.4,0.0,0.0,392.0,394.0
QUEEN ST,79,325.4336541842187,1.4,1.13,3.7,392.0,395.7
HYERS ST,199,594.1201492056234,1.39,0.48,2.8,389.6,392.4
JAKE ST,842,1308.1615032526195,1.38,0.03,0.4,389.1,393.1
N TITUS AVE,162,945.2646945293258,1.38,0.31,3.0,389.0,391.9
E GREEN ST,343,601.1330502480434,1.37,0.8,4.8,407.2,412.0
W BUFFALO ST,375,463.6319808821893,1.36,0.64,3.0,391.7,394.7
CHERRY ST,206,1216.3356353383613,1.34,0.16,2.0,388.0,390.0
W BUFFALO ST,372,464.6348071197602,1.34,0.64,3.0,401.0,404.0
N AURORA ST,303,263.67973133896146,1.33,0.16,0.4,395.7,396.1
THIRD ST,595,391.1466619206756,1.33,0.37,1.4,386.6,388.0
E YORK ST,72,524.1400444556226,1.32,0.68,3.6,390.1,393.7
N TIOGA ST,736,467.31068750159596,1.31,0.75,3.5,403.8,407.3
E LINCOLN ST,76,299.2010289773445,1.31,0.96,2.9,390.2,393.1
PIER RD,493,2203.465434193624,1.3,0.12,2.6,385.4,388.0
W BUFFALO ST,149,266.0929178727848,1.3,0.8,2.1,389.6,391.7
THIRD ST,616,432.13481657487597,1.29,0.63,2.7,388.2,391.0
THIRD ST,594,138.43292640480144,1.29,0.07,0.1,386.3,386.6
W SENECA ST,702,597.0609647331862,1.27,0.67,4.0,388.0,392.0
COMMERCIAL AVE,197,892.5718771536126,1.27,0.14,1.2,390.0,392.0
W COURT ST,742,465.1052992466606,1.27,0.66,3.1,390.0,393.1
S PLAIN ST,636,308.4916925452873,1.27,0.57,1.8,392.4,394.2
STEWART PARK RD,864,388.922217183627,1.25,0.34,1.3,384.5,386.0
W COURT ST,743,265.0316927394715,1.24,0.75,2.0,388.0,390.0
MARY ST,848,2342.4620901278736,1.23,0.0,0.0,389.5,392.6
E BUFFALO ST,370,315.69058889838857,1.23,0.84,2.7,407.3,409.9
W CLINTON ST,728,595.8668019750858,1.22,0.4,2.4,390.0,392.4
W FALLS ST,75,615.0416267924461,1.22,0.25,1.5,388.0,389.5
N AURORA ST,814,54.27590369217431,1.22,0.79,0.4,408.2,408.7
UTICA ST,465,418.49010316872443,1.2,0.48,2.0,388.0,390.0
N CAYUGA ST,734,416.0908037184187,1.2,0.48,2.0,388.0,390.0
ESTY ST,624,264.14819450655045,1.2,0.56,1.5,388.0,389.5
ESTY ST,623,465.1134810943826,1.2,0.54,2.5,389.5,392.0
W BUFFALO ST,377,266.18334897460227,1.19,0.68,1.8,399.2,401.0
W GREEN ST,708,596.7392024988851,1.18,0.49,2.9,393.1,396.0
N TITUS AVE,161,461.06828785468684,1.18,0.22,1.0,389.0,390.0
SECOND ST,127,384.3924240009221,1.18,0.7,2.7,388.8,391.5
CASCADILLA ST,508,361.08820751577775,1.18,0.25,0.9,386.9,387.8
N ALBANY ST,453,331.5026816176835,1.18,0.5,1.7,395.2,396.8
W STATE ST/ M. L. K. JR ST,707,593.2036124559387,1.17,0.62,3.7,389.5,393.2
N GENEVA ST,631,333.30314700577117,1.17,0.55,1.8,401.0,402.8
TAUGHANNOCK BLVD,520,334.61928736681153,1.17,0.18,0.6,387.4,388.0
RUNWAY LA,554,788.4458886757375,1.16,0.16,1.2,386.0,387.2
THIRD ST,614,394.4962359503719,1.15,0.06,0.2,388.0,388.2
W STATE ST/ M. L. K. JR ST,704,599.6527072273713,1.15,0.47,2.8,393.2,396.0
W GREEN ST,696,331.1362248279655,1.15,0.6,2.0,396.0,398.0
N CAYUGA ST,733,418.6918953878888,1.15,0.48,2.0,390.0,392.0
TAUGHANNOCK BLVD,552,1638.125094997633,1.15,0.14,2.2,386.2,389.0
E LINCOLN ST,574,291.39428686291797,1.15,0.66,1.9,388.3,390.2
E FALLS ST,74,526.6075753277637,1.14,0.58,3.0,389.5,392.6
N AURORA ST,391,462.1277063600912,1.14,0.42,1.9,408.0,409.9
CLEVELAND AVE,637,595.936536898164,1.14,0.36,2.1,392.0,394.1
PARK PL,626,471.31527295481845,1.12,0.36,1.7,390.0,391.7
S CORN ST,158,310.16193577564786,1.12,0.64,2.0,390.0,392.0
STEWART PARK RD,539,56.23332752147443,1.11,0.06,0.0,386.0,386.0
WILLOW AVE,111,407.49109265795636,1.11,0.0,0.0,387.7,388.0
FOURTH ST,128,251.58711208532134,1.1,0.61,1.5,388.0,389.5
W MARSHALL ST,580,298.5508130307651,1.1,0.24,0.7,392.0,393.2
CLEVELAND AVE,156,597.9306852979846,1.1,0.67,4.0,388.0,392.0
S PLAIN ST,638,441.22237212262155,1.09,0.4,1.8,390.6,392.4
W CLINTON ST,730,262.15648179802133,1.09,0.82,2.1,395.6,397.7
THIRD ST,114,371.9177135504266,1.09,0.29,1.1,386.4,387.5
S TITUS AVE,176,839.3498261428524,1.09,0.06,0.5,388.1,389.5
RUNWAY LA,549,461.79563550101625,1.08,0.42,1.9,385.3,387.6
SECOND ST,615,395.22972269539935,1.07,0.2,0.8,388.0,388.8
N TIOGA ST,301,264.4744660834039,1.07,0.41,1.1,392.0,393.2
SECOND ST,792,226.72185842388254,1.06,0.7,1.6,391.5,393.1
S TITUS AVE,178,593.0090332859851,1.04,0.34,2.0,388.0,390.0
AUBURN ST,456,428.7927607923802,1.03,0.47,2.0,388.0,390.0
N ALBANY ST,138,398.7414134796277,1.02,0.46,1.9,393.3,395.2
FARM ST,91,316.16699695034924,1.01,0.21,0.7,396.6,397.3
S PLAIN ST,635,330.932365829737,0.99,0.56,1.8,394.2,396.0
N AURORA ST,395,413.8456632114988,0.98,0.61,2.5,391.5,394.0
CASCADILLA ST,587,206.44299296509678,0.98,0.37,0.8,389.5,390.3
E JAY ST,576,295.33483615616456,0.96,0.63,1.9,389.9,391.7
N TIOGA ST,398,418.5561284240443,0.96,0.26,1.1,389.3,390.5
N ALBANY ST,146,333.10301027892126,0.95,0.24,0.8,399.2,400.0
N TIOGA ST,399,417.84256146338083,0.94,0.68,2.8,390.5,393.4
WASHINGTON ST,143,468.49094093716326,0.93,0.34,1.6,388.0,389.7
W LINCOLN ST,100,344.874215812093,0.93,0.09,0.3,388.0,388.3
CENTER ST,163,794.1275406055759,0.89,0.21,1.7,389.0,390.6
N CORN ST,148,333.3277512038045,0.89,0.47,1.6,390.4,392.0
W CLINTON ST,727,507.6879096172557,0.88,0.14,0.7,389.1,390.0
N AURORA ST,396,413.7618412646503,0.85,0.35,1.5,390.0,391.5
W GREEN ST,695,265.12522269472873,0.84,0.7,1.9,398.0,399.9
STEWART PARK RD,533,1257.0945049251154,0.84,0.09,1.2,384.8,387.1
W BUFFALO ST,373,598.2687554193035,0.83,0.0,0.0,387.3,388.0
S CORN ST,157,329.81507864392677,0.83,0.33,1.1,392.0,393.1
E MARSHALL ST,90,331.6225784087167,0.82,0.15,0.5,394.0,394.5
FIRST ST,612,387.6386986973774,0.82,0.54,2.1,389.6,391.7
S CAYUGA ST,42,328.2197641407255,0.82,0.24,0.8,407.2,408.0
N CORN ST,633,313.21699659772526,0.82,0.39,1.2,392.0,393.2
E TOMPKINS ST,83,291.6988366636016,0.8,0.5,1.5,388.0,389.5
CASCADILLA ST,586,265.22356545495876,0.8,0.33,0.9,393.3,394.2
STEWART PARK RD,534,1953.107621495629,0.8,0.07,1.3,384.0,386.0
W MARSHALL ST,581,290.7842779473037,0.79,0.23,0.7,392.7,393.4
N TIOGA ST,300,267.5462870607653,0.77,0.04,0.1,393.0,393.3
S PLAIN ST,151,331.2936175163695,0.77,0.0,0.0,396.0,396.2
REUBEN ST,845,1012.4415194889141,0.77,0.0,0.0,393.2,394.0
KING ST,578,324.024717070123,0.76,0.03,0.1,390.0,390.4
JAKE ST,843,1018.9605016007201,0.76,0.05,0.5,391.4,392.0
COVE LA,555,342.61824984635257,0.74,0.03,0.1,385.1,385.4
N TIOGA ST,299,263.60330395866083,0.74,0.42,1.1,392.6,393.7
CENTER ST,164,333.37659694174073,0.74,0.41,1.4,390.6,392.0
N GENEVA ST,632,313.5981702006137,0.72,0.27,0.8,402.0,403.1
N CAYUGA ST,298,265.8862740956705,0.72,0.45,1.2,388.3,389.5
S ALBANY ST,152,331.50507682737043,0.71,0.04,0.1,399.9,400.0
FIRST ST,611,394.2748403871691,0.69,0.4,1.6,388.0,389.6
S MEADOW ST,686,331.324662576365,0.68,0.04,0.1,388.0,388.1
N TIOGA ST,315,251.9576320723802,0.66,0.03,0.1,390.0,390.1
W JAY ST,105,335.31427760803,0.65,0.11,0.4,388.0,388.4
E TOMPKINS ST,84,323.84489224026174,0.63,0.17,0.5,389.5,390.0
W BUFFALO ST,374,464.6017681792438,0.62,0.35,1.6,388.0,389.6
JAMES L GIBBS TURNAROUND,557,308.84391179828015,0.62,0.1,0.3,387.1,387.9
E YATES ST,87,289.0170457164436,0.62,0.19,0.5,390.0,390.5
E LEWIS ST,579,292.7770560488332,0.61,0.23,0.7,389.3,390.0
MONROE ST,130,333.2160302323511,0.61,0.06,0.2,391.5,391.7
N AURORA ST,302,262.59175422360204,0.61,0.0,0.0,396.0,396.1
PARK PL,136,397.23176897263255,0.58,0.28,1.1,388.3,389.5
S CORN ST,150,333.1108853106959,0.58,0.03,0.1,393.1,393.6
N PLAIN ST,629,313.09363112351696,0.58,0.0,0.0,396.0,396.2
E YATES ST,89,331.3319495231378,0.57,0.17,0.6,391.4,392.0
N PLAIN ST,137,398.9787634306404,0.57,0.43,1.7,390.3,392.0
MONROE ST,617,326.32055299020993,0.56,0.3,1.0,390.5,391.5
CASCADILLA ST,589,258.6593256530458,0.55,0.46,1.2,388.3,389.5
E MARSHALL ST,582,319.0045018019245,0.53,0.19,0.6,393.4,394.0
N TIOGA ST,313,222.8755116940963,0.53,0.15,0.3,391.7,392.0
UTICA ST,464,418.6721922943512,0.53,0.31,1.3,388.0,389.3
MADISON ST,122,331.8068915855548,0.52,0.24,0.8,388.7,389.6
W STATE ST/ M. L. K. JR ST,347,584.9562333439002,0.51,0.26,1.5,388.0,389.5
E JAY ST,78,295.7023851668199,0.5,0.5,1.5,388.4,389.9
PARK PL,625,331.0052939975549,0.47,0.16,0.5,389.5,390.0
CASCADILLA ST,99,731.4212544586284,0.46,0.05,0.3,388.0,388.3
N CAYUGA ST,669,267.9262651737407,0.46,0.22,0.6,389.5,390.1
S PLAIN ST,166,468.59917934310323,0.44,0.29,1.4,390.5,392.0
MADISON ST,600,327.1504527252096,0.41,0.17,0.5,388.2,389.0
UTICA ST,459,485.78085061075274,0.37,0.08,0.4,389.8,390.2
W LEWIS ST,458,336.23600699083886,0.36,0.1,0.3,388.0,388.3
N CAYUGA ST,671,484.7700661391096,0.35,0.01,0.1,388.3,388.7
E YATES ST,88,322.06210239191387,0.35,0.28,0.9,390.5,391.4
E LEWIS ST,81,295.85489738491367,0.34,0.33,1.0,388.3,389.3
COVE LA,550,75.4955983013261,0.31,0.31,0.2,385.2,385.4
COVE LA,551,138.07361560818217,0.29,0.02,0.0,385.4,385.5
W GREEN ST,346,475.5617810209685,0.28,0.02,0.1,388.0,388.1
N FULTON ST,324,462.81603895425576,0.26,0.24,1.1,386.7,387.8
N FULTON ST,325,761.7339643404937,0.26,0.03,0.2,387.8,388.0
N TIOGA ST,397,417.3136507082143,0.26,0.13,0.5,389.5,390.0
PIER RD end,498,44.99416697505575,0.21,0.21,0.1,385.3,385.4
W COURT ST,408,596.2333272069463,0.2,0.16,0.9,386.5,387.4
N CAYUGA ST,678,412.93808409514145,0.2,0.01,0.0,388.3,388.5
N CAYUGA ST,735,420.47876353226684,0.2,0.08,0.3,388.0,388.3
ESTY ST,140,465.8494922271987,0.2,0.02,0.1,387.9,388.0
ESTY ST,141,592.2117617645133,0.2,0.2,1.2,386.7,387.9
W COURT ST,744,464.12739527581834,0.2,0.13,0.6,387.4,388.0
CASCADILLA ST,590,378.3726842761245,0.2,0.05,0.2,387.8,388.0
UTICA ST,463,415.58375962245,0.19,0.13,0.5,389.3,389.8
N MEADOW ST,320,396.98094540678574,0.17,0.03,0.1,387.9,388.0
N MEADOW ST,684,334.1868404718779,0.17,0.15,0.5,387.4,387.9
N FULTON ST,323,331.67028305821344,0.17,0.08,0.3,386.4,386.7
N MEADOW ST,321,469.5680440225256,0.17,0.13,0.6,387.4,388.0
E YATES ST,86,300.6124020347572,0.16,0.0,0.0,390.0,390.0
N MEADOW ST,688,331.8912146102745,0.15,0.01,0.0,388.0,388.0
W SENECA ST,345,595.2569310917888,0.0,0.0,0.0,388.0,388.0
S FULTON ST,40,349.09709469722145,0.0,0.0,0.0,388.0,388.0
WOOD ST,201,593.1028670878527,0.0,0.0,0.0,388.0,388.0
WOOD ST,202,610.2039543318701,0.0,0.0,0.0,388.0,388.0
FAIR ST,205,404.38970358858774,0.0,0.0,0.0,388.0,388.0
S FULTON ST,330,763.7480334946308,0.0,0.0,0.0,388.0,388.0
N FULTON ST,329,312.98494272368805,0.0,0.0,0.0,388.0,388.0
N FULTON ST,328,327.98174267694924,0.0,0.0,0.0,388.0,388.0
N AURORA ST,312,666.9664734925235,0.0,0.0,0.0,390.0,390.0
CECIL A MALONE DR,309,893.760930671072,0.0,0.0,0.0,388.0,388.0
CECIL A MALONE DR,308,52.5443073694008,0.0,0.0,0.0,388.0,388.0
WEGMANS DRIVEWAY,858,960.0632225315271,0.0,0.0,0.0,388.0,388.0
WEGMANS DRIVEWAY,859,311.90164013106937,0.0,0.0,0.0,388.0,388.0
CECIL A MALONE DR,307,862.1639881564549,0.0,0.0,0.0,388.0,388.0
ELMIRA RD,198,1446.588614484539,0.0,0.0,0.0,388.0,388.0
W TOMPKINS ST,123,342.4098411414026,0.0,0.0,0.0,388.0,388.0
ELMIRA RD,194,92.62449551764388,0.0,0.0,0.0,388.0,388.0
ELMIRA RD,806,893.256243780265,0.0,0.0,0.0,388.0,388.0
FRANKLIN ST,110,661.168902421919,0.0,0.0,0.0,388.0,388.0
W YATES ST,134,323.81288582144083,0.0,0.0,0.0,390.0,390.0
FOURTH ST,131,384.1141596220342,0.0,0.0,0.0,388.0,388.0
N MEADOW ST,113,227.44879775495968,0.0,0.0,0.0,388.0,388.0
WILLOW AVE,115,366.91613724094736,0.0,0.0,0.0,388.0,388.0
WILLOW AVE,116,390.81779964756214,0.0,0.0,0.0,388.0,388.0
MORRIS AVE,129,328.7975000255643,0.0,0.0,0.0,388.0,388.0
FIFTH ST,619,359.7271420448825,0.0,0.0,0.0,388.0,388.0
FOURTH ST,613,188.81046815134212,0.0,0.0,0.0,388.0,388.0
FIRST ST,610,228.06249141385058,0.0,0.0,0.0,388.0,388.0
FIRST ST,609,394.18765381862386,0.0,0.0,0.0,388.0,388.0
FIRST ST,608,392.2419724855226,0.0,0.0,0.0,388.0,388.0
THIRD ST,607,391.01804775615597,0.0,0.0,0.0,388.0,388.0
HANCOCK ST,606,415.60329689697835,0.0,0.0,0.0,388.0,388.0
HANCOCK ST,605,331.28290054110704,0.0,0.0,0.0,388.0,388.0
HANCOCK ST,604,331.8695891679462,0.0,0.0,0.0,388.0,388.0
HANCOCK ST,603,326.9862112216339,0.0,0.0,0.0,388.0,388.0
MADISON ST,602,333.6224472677723,0.0,0.0,0.0,388.0,388.0
W MARSHALL ST,597,247.69103251659507,0.0,0.0,0.0,392.0,392.0
THIRD ST,596,446.07519437953505,0.0,0.0,0.0,388.0,388.0
FRANKLIN ST,593,320.8687248242065,0.0,0.0,0.0,388.0,388.0
W LINCOLN ST,592,325.9308950849523,0.0,0.0,0.0,388.0,388.0
W LINCOLN ST,591,588.7090593425112,0.0,0.0,0.0,388.0,388.0
SECOND ST,126,391.413970962027,0.0,0.0,0.0,388.0,388.0
N MEADOW ST,125,342.7677690517972,0.0,0.0,0.0,388.0,388.0
WASHINGTON ST,135,404.38093941846216,0.0,0.0,0.0,388.0,388.0
ADAMS ST,109,330.3902034408241,0.0,0.0,0.0,388.0,388.0
N MEADOW ST,509,1016.666254928733,0.0,0.0,0.0,388.0,388.0
AUBURN ST,457,415.9389217980546,0.0,0.0,0.0,388.0,388.0
SOUTH ST,177,608.8757369954128,0.0,0.0,0.0,388.0,388.0
FRANKLIN ST,796,283.410735445635,0.0,0.0,0.0,388.0,388.0
S MEADOW ST,774,410.5502086771777,0.0,0.0,0.0,388.0,388.0
S PLAIN ST,773,409.63917529869997,0.0,0.0,0.0,388.0,388.0
S PLAIN ST,772,359.2686025223066,0.0,0.0,0.0,388.0,388.0
DEY ST,769,337.0511010762989,0.0,0.0,0.0,388.0,388.0
N ALBANY ST,147,313.4376837535172,0.0,0.0,0.0,400.0,400.0
FIFTH ST,451,457.45157592438,0.0,0.0,0.0,388.0,388.0
E TOMPKINS ST,82,298.1404510311942,0.0,0.0,0.0,388.0,388.0
E TOMPKINS ST,85,330.9031311777205,0.0,0.0,0.0,390.0,390.0
WASHINGTON ST,142,328.32086547658935,0.0,0.0,0.0,388.0,388.0
AUBURN ST,461,418.5883866666415,0.0,0.0,0.0,388.0,388.0
ADAMS ST,108,322.94550715609074,0.0,0.0,0.0,388.0,388.0
AUBURN ST,462,445.48809690054594,0.0,0.0,0.0,388.0,388.0
DEY ST,468,389.6823029121122,0.0,0.0,0.0,388.0,388.0
DEY ST,469,390.5004212331171,0.0,0.0,0.0,388.0,388.0
S MEADOW ST,477,1544.177367878321,0.0,0.0,0.0,388.0,388.0
SHORT ST,483,381.57002311854694,0.0,0.0,0.0,388.0,388.0
N MEADOW ST,683,264.4940244880777,0.0,0.0,0.0,388.0,388.0
ALICE MILLER WAY,495,404.8112270951197,0.0,0.0,0.0,388.0,388.0
ADAMS ST,496,143.68448792090598,0.0,0.0,0.0,388.0,388.0
ADAMS ST,497,328.1096848745832,0.0,0.0,0.0,388.0,388.0
FRANKLIN ST,106,409.422992212347,0.0,0.0,0.0,388.0,388.0
ADAMS ST,107,200.5636672862576,0.0,0.0,0.0,388.0,388.0
HANCOCK ST,124,331.6537528103107,0.0,0.0,0.0,388.0,388.0
